N,ğ’€Šğ’Œ‹,abu,"father; reed-bed"
PRP,ğ’€œğ’„¿,adi,"until"
N,ğ’„´ğ’Œ‹,ahu,"arm; brother"
J,ğ’„´ğ’ŒŒ,ahula,"alas!"
QP,ğ’Œ·,ali,"where?"
N,ğ’„,alpu,"ox"
DP,ğ’„ ğ’ˆªğ’Œ‹,amiu,"that"
PRP,ğ’¹,ana,"to"
N,ğ’€Šğ’‡»,aplu,"heir"
N,ğ’€Šğ’‰»ğ’Œ‹,apatu,"bridle"
N,ğ’…ˆğ’º,ardu,"slave"
PRP,ğ’…ˆğ’† ,arki,"after"
N,ğ’…ˆğ’‹¥ğ’Œ‹,aratu,"curse"
IP,ğ’€œğ’‹«,ata,"you"
IP,ğ’€œğ’„½ğ’Œ‹,atunu,"you (pl.)"
AJ,ğ’€¸ğ’,axbu,"inhabited"
N,ğ’€¸ğ’Œ…,axatu,"wife"
AJ,ğ’„ğ’‚…,balt+u,"living"
PRP,ğ’„µğ’‹¾,birti,"between"
N,ğ’‚,biitu,"house; temple"
AJ,ğ’®ğ’„£,damk+u,"good"
AJ,ğ’†—,danu,"strong"
N,ğ’³ğ’,dibu,"words"
N,ğ’Œˆğ’„£,dumk+u,"goodness"
N,ğ’‚•ğ’Œ…,egertu,"inscribed tablet"
AJ,ğ’‚–ğ’‡»,elu,"pure"
N,ğ’…ğ’€´,eperu,"earth"
N,ğ’ƒ·,ek+lu,"field"
N,ğ’‚Ÿğ’Œ…,erimtu,"cover(ing)"
N,ğ’€‰ğ’…ğ’ˆ¬,et+emu,"ghost"
N,ğ’ƒ®ğ’,gabu,"totality"
AJ,ğ’Š©ğ’‘ğ’²ğ’Š’,gamuru,"finished"
N,ğ’„¤ğ’®,gax+u,"gypsum"
N,ğ’„£ğ’„¯ğ’Œ…,gumurtu,"totality"
AV,ğ’„¯ğ’¹ğ’ˆ ,harama,"later"
AJ,ğ’„¯ğ’,harbu,"deserted; early"
N,ğ’„¯ğ’…ğ’Œ…,harimtu,"(temple) prostitute"
N,ğ’„¯ğ’Š’,haru,"water channel; myrrh"
N,ğ’„½ğ’Œ…,hubtu,"robbery"
N,ğ’€­,ilu,"god; temple"
N,ğ’…ğ’‚‡ğ’Œ‹,imeru,"sheep"
PRP,ğ’€¸,ina,"in"
N,ğ’…ğ’‹—,ipxu,"deed"
N,ğ’ˆ¹ğ’Œ‹,ixtaru,"goddess"
PRP,ğ’…–ğ’‹¾,ixti,"with"
PRP,ğ’…–ğ’Œ…,ixtu,"from"
N,ğ’†—ğ’ª,kalzu,"precinct?"
AJ,ğ’ƒ¶ğ’†ª,kanku,"sealed"
AV,ğ’ƒ¶ğ’‹€,kanxix,"submissively"
N,ğ’†ğ’Š’,kapru,"village"
AJ,ğ’‹¼ğ’€€ğ’Š’,karu,"put down"
N,ğ’‹¼ğ’€€ğ’®,karx+u,"slander"
N,ğ’†¤ğ’Œ…,kitu,"truth"
N,ğ’†§ğ’,kixpu,"sorcery; funerary offering"
N,ğ’†§ğ’†³ğ’Œ‹,kixatu,"totality"
N,ğ’†§ğ’Š’,kix+ru,"knot"
V,ğ’†°ğ’‡»,kulu,"hold"
V,ğ’†°ğ’ˆ,kulumu,"show"
AJ,ğ’†²ğ’‰¡,kunu,"fixed"
N,ğ’†³ğ’Œğ’‰¡,kursinu,"ankle"
AJ,ğ’…†ğ’‰¡,lemnu,"bad"
N,ğ’…†ğ’‹¸,lemutu,"evil"
N,ğ’ˆœğ’,libu,"interior; wrapping; (a leather bag)"
N,ğ’€ğ’Œ…,libitu,"mudbrick"
N,ğ’Œ“ğ’‹—,lihxu,"whisper(ing)"
N,ğ’…†,mahru,"front"
AJ,ğ’…†,mahru,"received"
REL,ğ’‚·,mala,"as much as"
QP,ğ’Œ‹ğ’Œ‹ğ’‰¡,manu,"who?"
AJ,ğ’ˆ¥ğ’®,marx+u,"sick"
N,ğ’ˆ¦ğ’‡¡ğ’Œ…,max+artu,"observation"
N,ğ’…–ğ’†ª,milku,"advice"
XP,ğ’Š©ğ’ˆ ,mima,"anything"
N,ğ’ˆ®ğ’…•ğ’Š’,mugeru,"chariot"
N,ğ’Š—,muhu,"skull"
N,ğ’ˆ®ğ’€€ğ’†—,mukilu,"holder"
N,ğ’„¯ğ’®,murx+u,"illness"
N,ğ’„·ğ’„­ğ’…•ğ’Š’,muteru,"(re)turner"
N,ğ’ˆ²ğ’€œğ’‰ğ’,muxadbibu,"that causes someone to speak (sedition)"
N,ğ’ˆ²ğ’„ ğ’„­ğ’®,muxamhix+u,"inciter to fight"
N,ğ’€®ğ’€ ğ’ƒ°ğ’Œ…,nabalkatu,"crossing"
V,ğ’€®ğ’€ ğ’‹»,nabalkutu,"cross over"
N,ğ’ˆ›ğ’†—ğ’Œ…,nahlaptu,"garment"
N,ğ’…˜ğ’Š’,nakru,"enemy"
N,ğ’‰†ğ’Œ¨ğ’‹¥ğ’Œ‹,namuratu,"awe-inspiring radiance"
N,ğ’€®ğ’„¯ğ’Œ‹,napharu,"total"
N,ğ’€®ğ’…–ğ’Œ…,napixtu,"throat"
N,ğ’€®ğ’‰¿,napuxtu,"life"
N,ğ’€®ğ’‡‡,napxuru,"appeasement"
N,ğ’‘ğ’‰¡,nidnu,"gift"
N,ğ’Š©ğ’Œ¨ğ’…‹ğ’Œ…,nikiltu,"skill"
N,ğ’Š©ğ’Œ¨ğ’‡»,niklu,"skill"
N,ğ’Œ‹ğ’Œ‹ğ’Œ‹,nixu,"people"
AV,ğ’„ğ’Œ“,palhix,"fearfully"
AJ,ğ’‰»ğ’…€,patiu,"distant"
N,ğ’„ˆ,patru,"sword"
AJ,ğ’‰»ğ’Š’,pat+ru,"released"
N,ğ’Œ“ğ’†ª,perku,"injustice; transverse line"
N,ğ’Œ“ğ’Š’,peru,"corps; excess"
N,ğ’‚ğ’„£,pitk+u,"casting"
AV,ğ’‚ğ’‹¾,piti,"just as"
N,ğ’ˆœğ’Š’,puhru,"assembly"
N,ğ’‡§ğ’„´ğ’Œ…,puluhtu,"fear(someness)"
N,ğ’“ğ’ˆ¬,purxumu,"old (man)"
N,ğ’ƒ®ğ’€ ğ’Œ…,k+abaltu,"middle"
N,ğ’›,k+ablu,"hips; plantation (of trees); battle"
AJ,ğ’ƒ²ğ’‡»,k+alu,"light"
N,ğ’†•ğ’‹—ğ’Œ‹,k+ak+adu,"head"
N,ğ’† ,k+ak+aru,"ground; earth"
AJ,ğ’‹—ğ’,k+atpu,"plucked"
N,ğ’†¥ğ’‰¡,k+inu,"nest; band(?)"
AJ,ğ’„¥ğ’,k+urbu,"near"
N,ğ’Šğ’…€,rabiu,"big one"
N,ğ’Š©ğ’¶ğ’Œ‹,ragimu,"shouter; 'shouter'"
N,ğ’ˆ›ğ’®,rihx+u,"flood(ing)"
N,ğ’‹†ğ’‹¢,riksu,"binding"
N,ğ’Š•,reexu,"head"
AJ,ğ’Š©ğ’ˆ¬,salmu,"peaceful; intact"
AJ,ğ’Œ‘ğ’†ª,samku,"bad"
N,ğ’Š¬ğ’,sarbu,"tallow; rainy season; burning"
N,ğ’Š¬ğ’Œ…,sartu,"falsehood"
N,ğ’Œğ’Œ‹ğ’Œ‹ğ’Œ…,sinixtu,"woman"
AJ,ğ’‹»ğ’®,tarx+u,"correct"
N,ğ’…ğ’…”ğ’Œ…,tidintu,"gift"
CNJ,ğ’Œ‹,u,"and"
N,ğ’€€ğ’‚”ğ’‡²,umu,"mother"
N,ğ’Š»ğ’‰¡,uznu,"ear"
AJ,ğ’ ğ’Š’,zakru,"named"
AJ,ğ’…,zikaru,"male"
AJ,ğ’½ğ’Œ‹,aaliku,"going"
DET,ğ’Š­,xa,"of"
REL,ğ’Š­,xa,"that"
N,ğ’Š•ğ’‰¡,xaknu,"appointee"
AJ,ğ’Š•ğ’‰¡,xaknu,"placed"
N,ğ’Œ‘ğ’ˆ¬,xamu,"plant(s)"
N,ğ’‰Œ,xamnu,"oil"
N,ğ’Œ‘ğ’‹—,xamxu,"sun"
AV,ğ’‰ºğ’…ğ’‡º,xaplix,"below"
AJ,ğ’‰ºğ’…ğ’‡»,xaplu,"low(er)"
N,ğ’‰ºğ’…ğ’Œ…,xaptu,"lip"
N,ğ’ˆ—,xaru,"king"
AJ,ğ’†³ğ’Š’,xat+ru,"written; placed in order"
N,ğ’‹ƒğ’º,xidu,"length"
N,ğ’Š¿ğ’„–,xiqu,"(meaning unknown)"
N,ğ’ˆ¨ğ’Š’,xipru,"sending"
N,ğ’‚„ğ’ˆ¬,xulmu,"completeness"
MOD,ğ’‹³ğ’ˆ ,xuma,"if"
N,ğ’ˆ¬,xumu,"name"
IP,ğ’Š¿ğ’Œ‹,xunu,"they"
AJ,ğ’Š¨,x+almu,"black"
N,ğ’Š¨,x+almu,"effigy"
AJ,ğ’‹šğ’Š’,x+ehru,"small"
N,ğ’¦ğ’Œ…,x+ibtu,"seizure; (a garment, esp. for cult statues); interest"
N,ğ’‚Ÿ,x+aabu,"people"
N,ğ’¾ğ’,t+upu,"tablet"
N,ğ’¾ğ’ˆ—,t+upxaru,"scribe"
N,ğ’…—ğ’„­,t+eemu,"(fore)thought"
N,ğ’‰Œğ’Œ“,abnu,"stone"
N,ğ’†ğ’ƒ²ğ’‡»,abulu,"(city) gate"
AV,ğ’€œğ’ƒ¶ğ’‰Œ,adakani,"until now"
AV,ğ’€œğ’Œ‹ğ’Œ‹,adanix,"very much"
AV,ğ’œğ’‰Œ,akani,"now"
N,ğ’€ğ’…‹ğ’Œ…,akiltu,"expended goods"
AJ,ğ’€ğ’‡»,aklu,"eaten"
N,ğ’€ ğ’†³ğ’Œ…,almatu,"widow"
AV,ğ’†³ğ’…—,amaka,"there"
N,ğ’†³ğ’Œ…,amatu,"unit; (a container of standard capacity); year; forearm"
N,ğ’Š©ğ’†³,amtu,"maid"
AV,ğ’€­ğ’…˜ğ’€€,anaka,"here"
AV,ğ’…ˆğ’Œ“,arhix,"quickly"
N,ğ’Œ—,arhu,"month"
AJ,ğ’…ˆğ’†ª,arku,"long"
AJ,ğ’…ˆğ’„£,ark+u,"green"
N,ğ’Šğ’ºğ’,askupu,"(threshold) slab"
N,ğ’€œğ’‡ğ’Œ‹,atbaru,"basalt"
N,ğ’€œğ’Š’,atru,"excess; threshing floor"
QP,ğ’€€ğ’€€ğ’…—,ayaka,"where?"
QP,ğ’€€ğ’€€,ayu,"which?"
N,ğ’€¸ğ’ƒ®,axirtu,"check"
N,ğ’Šğ’€Šğ’,ax+apu,"pack animal"
AV,ğ’€ğ’‹›,basi,"soon"
N,ğ’ğ’……ğ’Œ…,batik+tu,"denunciation"
AJ,ğ’ğ’„£,batk+u,"cut (off); cut (off"
N,ğ’ğ’Œ…,batu,"side"
N,ğ’„˜ğ’Œ¦,biltu,"load"
N,ğ’„µğ’„·,birhu,"(meaning unknown)"
N,ğ’„µğ’Œ…,birtu,"fort"
N,ğ’Š‘ğ’Œ…,daltu,"door"
N,ğ’†œğ’ğ’Œ…,danatu,"fortified (place)"
N,ğ’Œ‹ğ’Œ†ğ’‡»,dulu,"trouble"
N,ğ’‚ğ’º,duk+du,"almond (tree)"
N,ğ’‚¦ğ’€­,duuru,"(city) wall; permanence"
N,ğ’…ğ’„‘ğ’‹¢,ebisu,"(roped-up) bundle"
AJ,ğ’…ğ’º,emdu,"imposed"
N,ğ’…ğ’Œ‹,emu,"father-in-law"
AJ,ğ’‚—ğ’‹—,enxu,"weak"
N,ğ’…ğ’…•ğ’Œ…,epertu,"(baked) brickwork; bank"
AJ,ğ’…ğ’‹—,epxu,"made; made/sacrificed"
N,ğ’…•ğ’,erbu,"income; (sun)set"
N,ğ’…•ğ’‹—,erxu,"bed"
AJ,ğ’€‰ğ’†ª,etku,"alert"
AJ,ğ’Œğ’‹—,exu,"new"
AJ,ğ’„‘ğ’º,ex+du,"harvested"
N,ğ’„‘ğ’…ğ’Œ…,ex+emtu,"unit"
AJ,ğ’„‘ğ’Š’,ex+ru,"drawn"
N,ğ’ƒµğ’‚·ğ’Œ‹,gamalu,"camel"
AJ,ğ’ƒµğ’Š’,gamru,"complete"
N,ğ’„¤ğ’ğ’Œ…,gax+atu,"firewood"
N,ğ’„«ğ’Š’,geru,"way; (a big jar); release"
N,ğ’¶ğ’Š’,gimru,"totality; (a sacrificial sheep)"
N,ğ’„‘ğ’ˆª,gizu,"shearing"
N,ğ’„‘ğ’Š’,gixru,"(wooden) bar"
N,ğ’ğ’„¢ğ’€ ğ’‡»,gugalu,"canal inspector"
N,ğ’„¢ğ’‚,gulutu,"column-base; (an ornament in the shape of) column-base"
N,ğ’„£ğ’€ğ’€€ğ’†—,gumakilu,"(a wooden item)"
AJ,ğ’†¸ğ’Œ…,habtu,"robbed"
CNJ,ğ’‰ºğ’„¿,hadi,"either"
AJ,ğ’„¬ğ’„£,halk+u,"lost"
N,ğ’„©ğ’Š©ğ’Œ¨ğ’Œ‹,hanik+u,"strangler"
AJ,ğ’„¯ğ’º,hardu,"watchful"
N,ğ’„¯ğ’Œ¨ğ’Œ…,harurtu,"throat"
AJ,ğ’„¯ğ’®,harx+u,"broken off"
N,ğ’‹»ğ’€­ğ’‰¡,hazanu,"mayor"
N,ğ’‹»ğ’,hax+bu,"pottery"
AJ,ğ’„½ğ’‡§ğ’Œ‹,hubulu,"indebted"
N,ğ’„½ğ’ŒŒ,hubulu,"debt"
N,ğ’„½ğ’,hupu,"(a kind of basket)"
AV,ğ’„¯ğ’Š‘,huri,"ever (after)"
N,ğ’„·ğ’‚Ÿ,hux+aabu,"twig"
N,ğ’€‰ğ’Œ‹,idu,"arm"
N,ğ’……ğ’‹¼ğ’€€ğ’Œ‹,ikaru,"farmer"
N,ğ’…‹ğ’†ª,ilku,"state service"
N,ğ’…ğ’€´,imeru,"(meaning unclear)"
N,ğ’ƒ®,irtu,"breast"
N,ğ’„‘ğ’‚ ğ’†³ğ’Œ‹,ishunatu,"bunch of grapes"
N,ğ’‰ºğ’Šºğ’‰¡,isinu,"festival"
AV,ğ’„‘ğ’‹©ğ’Š‘,isuri,"perhaps"
N,ğ’Œ—ğ’‰¡,itinu,"builder"
N,ğ’…–ğ’Œ“ğ’Œ…,ixpartu,"female weaver"
N,ğ’„‘,ix+u,"tree"
N,ğ’†ğ’ˆ—,kabxaru,"stone-carver"
N,ğ’†•ğ’…ˆğ’·ğ’‰¡,kakardinu,"victualler"
N,ğ’†•ğ’†ª,kaku,"stick"
AJ,ğ’„°ğ’‹¢,kamsu,"squatting"
N,ğ’ƒ¶ğ’‰¡,kanu,"(vesselâ€‘)stand; fringe; (vessel-)stand; shoot"
N,ğ’†ğ’,kapu,"hand"
N,ğ’‹¼ğ’€€ğ’…”ğ’Œ…,karintu,"(meaning unknown)"
AJ,ğ’‹¼ğ’€€ğ’†ª,karku,"rolled"
AJ,ğ’‹¼ğ’€€ğ’ˆ¬,karmu,"delayed; stored"
N,ğ’‹¼ğ’€€ğ’ˆ¬,karmu,"heap"
AJ,ğ’†œğ’,kaspu,"broken"
N,ğ’†œğ’,kaspu,"silver"
AJ,ğ’†œğ’‹¢ğ’,kasupu,"broken"
N,ğ’„«ğ’†ª,kerku,"roll"
N,ğ’„’ğ’‹¢,kibsu,"track"
N,ğ’†¥ğ’€œğ’Œ…,kinatu,"employee"
N,ğ’„’ğ’,kipu,"loop"
N,ğ’†¦ğ’‡»,kisalu,"courtyard"
N,ğ’† ğ’‹€ğ’†•ğ’Œ…,kisatu,"fodder"
AJ,ğ’†²ğ’‰¡ğ’‹—,kunuxu,"assembled"
N,ğ’†³ğ’¹ğ’‹—,kurdixu,"(a storage facility for straw)"
N,ğ’†³ğ’‰†ğ’Œ…,kursimtu,"scale"
N,ğ’‚Šğ’‹¤ğ’„½ğ’¹ğ’†³ğ’Œ‹,kurumatu,"ration"
N,ğ’‹»ğ’€ ğ’‡»,kutalu,"back"
N,ğ’‹¢ğ’…ğ’,kuzipu,"cloak"
AJ,ğ’†—ğ’Œ…,laptu,"touched"
N,ğ’†³ğ’‡ğ’Œ‹,madbaru,"steppe"
N,ğ’†³ğ’‹ºğ’Œ…,madatu,"payment"
AJ,ğ’ˆ¤ğ’®,mahx+u,"beaten"
N,ğ’ˆ ğ’ƒ¼ğ’‹¥ğ’Œ‹,mak+aratu,"bale (of straw)"
N,ğ’ˆ ğ’ƒ¼ğ’Œ…,mak+artu,"(a kind of vessel)"
QP,ğ’†³ğ’„¿,mati,"when?"
N,ğ’ˆ¦ğ’‚—ğ’‰¡,maxenu,"(an administrator)"
N,ğ’ˆ¦ğ’ƒ¶ğ’Œ‹,maxkanu,"tent; place of putting"
N,ğ’ˆ¦ğ’†ª,maxku,"skin"
N,ğ’ˆ¦ğ’‚Šğ’‹¤ğ’„½,maxkuru,"(inflatable) animal skin"
N,ğ’ˆ¦ğ’‹¡,maxk+Ã»,"watering place"
N,ğ’ˆ¤ğ’Š’,mehru,"colleague; (a conifer); copy"
NU,ğ’ˆ¨ğ’€ªğ’Œ…,meÊ¾atu,"(one) hundred"
N,ğ’†ªğ’€­ğ’Œ…,midatu,"measure"
NU,ğ’ˆ©ğ’‡»,mixlu,"half"
V,ğ’ˆ®ğ’„¥,muguru,"tear down"
PRP,ğ’ˆ®,muk,"saying"
N,ğ’ˆ®ğ’…”ğ’‰¡,mukinu,"witness"
N,ğ’µğ’…˜ğ’Š’,munagru,"hired man"
N,ğ’ˆ²ğ’…ˆğ’†§ğ’Œ‹,muxarkisu,"(military) procurement officer"
AJ,ğ’ˆ²ğ’‡»,muxlu,"similar"
N,ğ’ˆ¬ğ’‰Œğ’‡»,mux+alu,"afternoon"
N,ğ’…˜ğ’†—ğ’Œ‹,naglabu,"razor; shoulder"
AJ,ğ’…˜ğ’„¯,nagmuru,"finished"
N,ğ’ˆ›ğ’€ ğ’‡»,nahalu,"stream"
AJ,ğ’…˜ğ’‹¢,naksu,"cut (off)"
N,ğ’‰€ğ’€­ğ’º,namadu,"measurement"
N,ğ’€®ğ’‹—,napxu,"life"
N,ğ’…˜ğ’‹¸,nak+utu,"critical situation"
N,ğ’‰ğ’Šğ’€ª,nimraÊ¾u,"(a garment)"
N,ğ’‰ğ’Š’,nimru,"leopard"
N,ğ’Š©ğ’Œ¨ğ’€‰ğ’Œ…,nik+itu,"anxiety; retaliation"
N,ğ’Œ‹ğ’Œ‹ğ’„·,nishu,"extract(ion); diarrhoea"
N,ğ’‰¡ğ’ğ’Œ…,nubatu,"evening (rest); everning (rest)"
N,ğ’‰¡ğ’‰ºğ’…ğ’ˆ¬,nuhatimu,"cook"
N,ğ’‰¡ğ’‹¼ğ’€€ğ’…ğ’,nukaribu,"gardener"
N,ğ’„·ğ’Š’,pagru,"body"
AJ,ğ’ˆœğ’Š’,pahru,"gathered"
AJ,ğ’„ğ’„·,palhu,"fearful"
N,ğ’„ğ’‡ºğ’Œ‹,palixu,"(stone) borer"
AJ,ğ’‰¼ğ’‹ğ’Œ‹,panugu,"meaning unknown"
AJ,ğ’„·ğ’º,pak+du,"entrusted"
N,ğ’Œ“ğ’Š‘ğ’®,parix+u,"criminal"
N,ğ’Œ“ğ’‰£ğ’‡»,parzilu,"iron"
N,ğ’‰ˆğ’†ª,pilku,"demarcated zone"
N,ğ’‹ğ’€‰ğ’Œ…,pik+itu,"allocation"
N,ğ’„«ğ’‰¡,pixanu,"box"
V,ğ’ˆœğ’„·,puhu,"exchange"
N,ğ’ƒ¶ğ’‹—,k+anxu,"(meaning uncertain)"
N,ğ’‹—ğ’·ğ’Œ‹,k+atinu,"(a rural class)"
N,ğ’„«ğ’‹¢,k+irsu,"cart"
N,ğ’‹¡,k+Ã»,"unit; flax"
AJ,ğ’Š©ğ’‹¢,raksu,"bound"
N,ğ’Š©ğ’‹¢,raksu,"recruit"
AJ,ğ’Šğ’‹—,rapxu,"wide"
N,ğ’†¸ğ’†ª,rimku,"bath"
N,ğ’†³ğ’·ğ’Œ‹,sadinu,"(a tunic)"
N,ğ’Š¬ğ’‹¼ğ’‰¡,sartenu,"chief judge"
AJ,ğ’‹›ğ’€ªğ’Š’,seÊ¾ru,"plastered"
N,ğ’‰†ğ’Œ…,simtu,"appropriate symbol"
N,ğ’Œ“ğ’…—ğ’‡ğ’Š’,siparu,"bronze"
N,ğ’‹¢ğ’“ğ’„ƒğ’‡»,supurgilu,"quince"
N,ğ’‹°ğ’†ª,tabku,"(grain) store"
AJ,ğ’‹ºğ’‰¡,tadnu,"given"
N,ğ’‹»ğ’®,tarx+u,"extent"
AJ,ğ’‹«ğ’€ªğ’€ªğ’ˆ¬,taÊ¾Ê¾umu,"double"
N,ğ’³ğ’†ª,tibku,"layer"
N,ğ’‹¾,tibnu,"straw"
N,ğ’Œ€ğ’‡»,tilu,"appendage"
N,ğ’´ğ’ˆ¬,timu,"post"
N,ğ’¾ğ’,tupninu,"box"
N,ğ’Œ¦ğ’„£,unk+u,"ring"
N,ğ’‘ğ’‹—,uxu,"foundation(s)"
V,ğ’Š»ğ’®ğ’®,ux+ux+u,"interrogate"
XP,ğ’‰¿ğ’†³ğ’Œ…,yamatu,"each"
AJ,ğ’ ğ’„¥,zak+uru,"built high"
N,ğ’¨ğ’‰¡,zik+nu,"beard"
N,ğ’¨ğ’,zik+pu,"shoot"
N,ğ’¨ğ’„¥ğ’‹¥ğ’Œ‹,zik+uratu,"ziggurrat"
N,ğ’ªğ’‰¡,zunu,"rain"
AV,ğ’†³ğ’–ğ’•,xadak+da,"last year"
V,ğ’Š•ğ’†°,xakulu,"wipe"
N,ğ’Š©ğ’…ğ’Œ…,xalimtu,"well-being"
AV,ğ’Š©ğ’„®ğ’‰Œ,xaluxani,"the year before last"
NU,ğ’Š©ğ’‹—,xalxu,"third"
N,ğ’‰ºğ’…ğ’‡»,xaplu,"underside; bowl"
N,ğ’‰ºğ’…ğ’Š’,xapru,"envoy"
N,ğ’Š­ğ’„Šğ’Œ‹,xawiru,"ring"
AJ,ğ’‹šğ’‡»,xihlu,"second-rate"
N,ğ’†·ğ’Š’,xikaru,"beer"
N,ğ’‹ğ’‰¡,xiknu,"setting"
IP,ğ’ˆ«,xina,"they (f.)"
N,ğ’Š¿ğ’‰¡,xinu,"tooth; rain"
N,ğ’ˆ¨ğ’ƒ®,xipirtu,"message"
N,ğ’ˆ¨ğ’†³ğ’Œ‹,xipxatu,"(length of) wood"
N,ğ’‹ğ’‡»,xik+lu,"unit"
N,ğ’†œğ’†¸,xubtu,"dwelling"
PRP,ğ’ˆ½,xuh,"on the subject of"
N,ğ’ˆ›ğ’‡»,xukalu,"(a court official)"
AJ,ğ’‹³ğ’Š’ğ’®,xumrux+u,"very painful"
AJ,ğ’‚Ÿğ’Œ…,x+abtu,"seized"
N,ğ’‰ˆğ’€‰ğ’Œ…,x+ahitu,"wish"
N,ğ’‡¡ğ’,x+arpu,"silver"
N,ğ’€­ğ’Š¨,x+ilu,"shade"
N,ğ’¦ğ’Š’,x+ipru,"point"
AJ,ğ’€œğ’Š’,adru,"dark; huge"
N,ğ’‚‡ğ’‰¡,aganu,"bowl"
N,ğ’€ğ’‡»,akalu,"bread; overseer"
N,ğ’€ğ’‡ğ’Œ‹,akbaru,"jerboa"
N,ğ’‹„ğ’‡»,alalu,"(a stone)"
N,ğ’€ ğ’‚ğ’Œ…,alutu,"crab"
AJ,ğ’„ ğ’Š’,amru,"seen"
N,ğ’€­ğ’ˆ­ğ’‹—,andahxu,"(an alliaceous plant)"
N,ğ’€­ğ’‰ˆğ’„·,anzahu,"(a kind of glass)"
N,ğ’€Šğ’,apu,"nose"
N,ğ’€Šğ’Œ…,aptu,"window"
N,ğ’€ğ’ƒ®ğ’Œ‹,ak+abu,"remainder?"
N,ğ’…ˆğ’ƒ°ğ’Œ‹,arkatu,"rear"
N,ğ’‚ğ’‡»,asalu,"(a copper vessel)"
N,ğ’‚ğ’Š’,asaru,"(a type of literary document)"
N,ğ’Šğ’Œ‹,asu,"myrtle"
N,ğ’€œğ’Œ‹ğ’Œ‹ğ’Œ‹,atmanu,"cella"
N,ğ’€€ğ’€€ğ’‡»,ayalu,"stag; ally"
N,ğ’€€ğ’€€ğ’Š’,ayaru,"flower"
N,ğ’Šğ’¹ğ’Š’,azamru,"fruit"
N,ğ’€¸ğ’‹ğ’€ ğ’‡»,axnugalu,"alabaster"
N,ğ’‰¼ğ’€¸ğ’‡»,bandilu,"belly"
AJ,ğ’‡ğ’ˆ¬,barmu,"multicoloured"
AJ,ğ’ˆ¦ğ’‡»,baxlu,"cooked; equal"
N,ğ’„µğ’ˆ¬,birmu,"multicoloured cloth"
N,ğ’„µğ’‹—,birxu,"felt"
N,ğ’†¹ğ’‰¡,buginu,"bucket"
N,ğ’‡§ğ’‚…,bult+u,"life"
N,ğ’“ğ’†ª,burku,"knee"
AJ,ğ’“ğ’€¸ğ’Œ‹,burumu,"multicoloured"
N,ğ’ğ’Œğ’‰¡,bux+inu,"lamp"
N,ğ’®ğ’„£,damk+u,"good"
N,ğ’¹ğ’,dixpu,"honey"
AJ,ğ’…ğ’,ebu,"bright"
N,ğ’…ğ’…”ğ’‰¡,epinu,"(seed) plough"
AJ,ğ’ƒ®ğ’ğ’,gabubu,"grilled"
N,ğ’ƒ®ğ’‡»,gabudu,"(a food, reading uncertain)"
N,ğ’ƒµğ’…‚ğ’€œğ’Œ‹,gamidatu,"(a garment)"
N,ğ’ƒ»ğ’„‘ğ’Œ…,garix+tu,"loaf (of bread)"
N,ğ’†¤ğ’‡»,gidlu,"plaited string"
N,ğ’„‘ğ’“ğ’Š’,gixburu,"'releasing wood'"
N,ğ’Š·ğ’Œ‹,giximaru,"date palm"
AJ,ğ’ºğ’†·,gubla,"of Byblos"
N,ğ’„£ğ’€ª,gumÊ¾u,"(part of an ornament)"
N,ğ’„˜ğ’Œ¦ğ’ºğ’…”ğ’‰¡,guqupinu,"(an ornament)"
N,ğ’„¥ğ’‹—,gurxu,"chapel"
N,ğ’†¸ğ’“,haburu,"(a kind of wine)"
N,ğ’„¬ğ’‡´,halam,"(a qualification of meat)"
N,ğ’„¬ğ’‡»,halu,"vinegar"
AJ,ğ’„¬ğ’®,halx+u,"combed"
N,ğ’„©ğ’¹ğ’„¯ğ’Œ…,hamurtu,"(a kind of beer)"
N,ğ’„¯ğ’‹—,harxu,"(a foodstuff)"
N,ğ’„¯ğ’³ğ’Œ‹,hart+ibu,"(Egyptian) diviner"
N,ğ’‹»ğ’Œ…,haxtu,"(a kind of stone)"
N,ğ’‰ºğ’‚…,hat+u,"stick; sceptre"
N,ğ’„­ğ’„˜ğ’Œ¦,hibiltu,"wrongdoing"
N,ğ’„­ğ’„­ğ’‰¡,hinhinu,"(a kind of spice?)"
N,ğ’„¯ğ’„¯,huruhuru,"(a kind of bread)"
N,ğ’…ğ’‚,ibiitu,"thick (loaf)"
N,ğ’†‰ğ’…˜ğ’†ª,imanaku,"(a kind of stone or sand)"
N,ğ’…•ğ’ğ’Œ‹,irx+ix+u,"(a precious item); (meaning uncertain)"
N,ğ’„‘ğ’,izbu,"misbirth"
N,ğ’¼,ixdu,"foundation"
N,ğ’…–ğ’„·,ixhu,"(a piece of military kit); (a type of stone)"
N,ğ’…–ğ’Œ“ğ’Œ‹,ixparu,"weaver"
N,ğ’…–ğ’‰»ğ’Œ‹,ixpatu,"quiver"
AJ,ğ’†ğ’‡ğ’Œ‹,kabaru,"very thick"
AJ,ğ’†ğ’‹¢,kabsu,"continuous"
N,ğ’†•ğ’†ğ’Œ…,kakabtu,"star"
N,ğ’†•ğ’†ğ’Œ‹,kakabu,"star"
N,ğ’Œ‹ğ’µğ’‡»,kakulu,"mash-tub"
N,ğ’Œ¨,kalbu,"dog"
N,ğ’†—ğ’‡»,kalu,"(kind of) bowl"
N,ğ’„°ğ’ˆ¬,kamu,"board"
N,ğ’ƒ¶ğ’º,kandu,"jar"
N,ğ’‹¼ğ’€€ğ’£ğ’ˆ¨ğ’Œ‹ğ’Œ‹ğ’Œ‹,karbalatu,"(pointed) hat"
N,ğ’‹¼ğ’€€ğ’‹—,karxu,"stomach"
N,ğ’† ğ’ƒ²ğ’‡»,kigalu,"socle"
N,ğ’¶ğ’„´ğ’„·,kimahu,"grave"
N,ğ’ƒ±ğ’ˆ¦ğ’Šº,kindabaxe,"loincloth"
N,ğ’„’ğ’‰»ğ’Œ‹,kipatu,"circle"
N,ğ’„«ğ’Š’ğ’Œ…,kirutu,"(a meal)"
N,ğ’†¤ğ’Œ‰ğ’Š’,kituru,"(a kind of chair or stool)"
N,ğ’†§ğ’ŠŒğ’†ª,kixuku,"grating?"
N,ğ’„˜,kixaadu,"neck"
N,ğ’†§ğ’ƒ®,kix+irtu,"envelope; thickening"
AJ,ğ’ºğ’ğ’‹¢,kubusu,"downtrodden"
N,ğ’ºğ’Œ…,kubtu,"lump; (meaning unknown)"
N,ğ’ºğ’‹—,kubxu,"headcloth"
N,ğ’†°ğ’‡»,kulu,"nut(-kernel); (a large ring)"
N,ğ’†³ğ’·ğ’‰¡,kurdinu,"(an evil-smelling plant)"
N,ğ’‚ğ’‰¡,kurinu,"(a neck ornament)"
N,ğ’†³ğ’„‘ğ’‹¢,kurisu,"leek"
N,ğ’†³ğ’Š’,kuru,"unit; tanning fluid"
N,ğ’†³ğ’Œ¤,kursiu,"leather strap"
N,ğ’Œ“ğ’„­ğ’‰¡ğ’Œ…,lahinutu,"(a female official)"
AJ,ğ’‡³,laÊ¾u,"(a qualification of wine)"
N,ğ’€šğ’Œ…,lipixtu,"male genitalia"
N,ğ’€–ğ’†ª,litku,"test"
N,ğ’ˆœğ’‰¿,lubuxtu,"clothing"
N,ğ’ˆğ’ˆ¬,lumu,"(a small drinking-vessel)"
N,ğ’ˆğ’‰¡,lumnu,"evil"
N,ğ’…†ğ’ºğ’®,mahrax+u,"(battering) ram"
N,ğ’‚·ğ’‹ºğ’Œ‹,maldadu,"curtain?"
N,ğ’ˆ¥ğ’‹¥ğ’Œ‹,maratu,"(a bird)"
N,ğ’ˆ¥ğ’‹—,marxu,"leather strap"
N,ğ’ˆ¦ğ’€Šğ’,masabu,"(a basket)"
N,ğ’ˆ ğ’£ğ’Œ‹,maziu,"(a metal vessel)"
N,ğ’ˆ¦ğ’€­ğ’º,maxadu,"yoke(-shaft)"
N,ğ’ˆ¦ğ’‰Œğ’Œ“ğ’‚—ğ’Œ…,maxenatu,"(a female administrator)"
PRP,ğ’†³ğ’„¿,mat+i,"minus"
N,ğ’ˆ¤ğ’®,mehx+u,"blow"
N,ğ’‚‡ğ’‚…,mert+u,"scrapings?"
N,ğ’…‚ğ’Š’,midru,"(a type of bread)"
N,ğ’ˆ©ğ’Š’,mix+ru,"border"
N,ğ’„·ğ’„­ğ’€ğ’† ğ’Œ‹,mudakiu,"(a metal object)"
N,ğ’ˆ®ğ’€ ğ’…†ğ’Œ…,mukalimtu,"scholarly commentary"
N,ğ’ˆ®ğ’…ˆğ’Š•ğ’Œ‹,mukarisu,"(a metal vessel for liquids)"
N,ğ’€¯ğ’€Šğ’‚ğ’Œ‹,mulapitu,"(an implement)"
N,ğ’…˜ğ’€ğ’‹¢,nakbasu,"step"
N,ğ’…˜ğ’„°ğ’Œ…,nakamtu,"treasure"
AJ,ğ’€®ğ’„·,naphu,"blown on"
N,ğ’€®ğ’†—ğ’Œ‹,naptanu,"meal(-time)"
V,ğ’€®ğ’‹€ğ’Œ…,napxaxtu,"ointment"
N,ğ’ˆœğ’‹¼ğ’‡²ğ’Œ…,nargalatu,"female chief musician"
N,ğ’ˆœğ’ƒ²ğ’‡»,nargalu,"chief musician"
N,ğ’Š©ğ’Œ¨ğ’…˜ğ’†ª,nignaku,"censer"
N,ğ’Š©ğ’Œ¨ğ’…ğ’Œ…,nikiptu,"spurge"
N,ğ’Š©ğ’Œ¨ğ’†œğ’‹¢,nikasu,"account(s)"
N,ğ’‘ğ’Œ…,nitu,"(a precious item, reading uncertain)"
N,ğ’ˆœğ’„¯ğ’Œ…,pahurtu,"collection"
N,ğ’„ğ’‡ºğ’‹¢,palisu,"female stone borer"
AJ,ğ’„ğ’‹—,palxu,"pierced"
N,ğ’‰½ğ’Œ“ğ’Š‘ğ’…€,papardaliu,"agate?; agate"
N,ğ’Œ“ğ’†°ğ’‡»,parkulu,"seal-cutter"
N,ğ’€³ğ’‰¡,pinu,"button"
AJ,ğ’‹—ğ’‰¡,k+atnu,"thin"
N,ğ’„«ğ’ˆ¬,k+ermu,"(a garment)"
AJ,ğ’„¥ğ’†—ğ’Œ‹,k+urubu,"brought close"
N,ğ’‹¥ğ’…ğ’Œ‹,radidu,"(a garment)"
AJ,ğ’Šğ’„£,rapk+u,"hoed"
N,ğ’ˆ©ğ’Œ…,ritu,"hand"
AJ,ğ’Š¿ğ’‹¢ğ’Œ‹,rukusu,"well fitted together"
N,ğ’Š¿ğ’„£,ruk+u,"cauldron"
N,ğ’‰ºğ’…ğ’ğ’,sabubu,"(a precious object)"
N,ğ’†¤ğ’„¯ğ’Œ‹,saharu,"(an offering bowl)"
AJ,ğ’Š•ğ’Š’,sakru,"refined; drunk"
N,ğ’Š©ğ’‡»,salu,"tray"
N,ğ’Š•ğ’ˆ®ğ’Œ‹,sanbuku,"bunch"
N,ğ’Š•ğ’„ƒğ’„·ğ’„­,saqilmud,"(a bluish stone)"
N,ğ’‰ºğ’…ğ’‡ºğ’„·,saplixhu,"(a meat preparation)"
N,ğ’‰ºğ’…ğ’ŒŒğ’„·,sapulhu,"(a container)"
AJ,ğ’Š¬ğ’„·,sarhu,"(a qualification of wine); ecstatic"
N,ğ’† ğ’†—ğ’‹¢,sasu,"base"
N,ğ’‹¤ğ’º,serdu,"olive tree"
N,ğ’‹»ğ’„´,siluh,"(a textile, reading uncertain)"
N,ğ’Œğ’†ª,sinku,"discarded wool"
N,ğ’‹€ğ’€ ğ’„·,sisalhu,"(a qualification of sheep and oxen)"
N,ğ’†¹ğ’†ª,suku,"shrine"
N,ğ’‹»ğ’ƒ¶ğ’‰¡,sulukanu,"(a food-container)"
N,ğ’‹§ğ’ˆ¬,sumu,"(male) dove"
N,ğ’ˆ½ğ’‹¢,susu,"(a vessel)"
N,ğ’ˆ½ğ’‚„ğ’‡»,susulu,"chest"
N,ğ’‹³ğ’†œğ’‹¢,takasu,"(small) block of stone"
N,ğ’‹³ğ’‹¢ğ’‹¢,takusu,"reed-stem"
N,ğ’‹³ğ’,takpu,"(a carrying basket)"
AJ,ğ’Š‘ğ’ˆœ,talulu,"equipped"
N,ğ’‹°ğ’„·,taphu,"(a metal cauldron)"
N,ğ’‹»ğ’€ğ’®,tarbax+u,"courtyard"
N,ğ’‹»ğ’ˆ ğ’‰£ğ’Œ‹,tarmazilu,"(an edible bird)"
N,ğ’Œ†ğ’‰¡,taskarinu,"box tree"
N,ğ’„˜ğ’†ª,tiku,"neck"
N,ğ’Œğ’…ğ’Œ…,tirimtu,"(a drinking vessel)"
N,ğ’Œ…ğ’€‰ğ’Œ…,tuditu,"(a dress-pin) on womanâ€™s breast"
N,ğ’Œ’ğ’‰¡,upnu,"(cupped) hand"
N,ğ’Œ¨ğ’†³ğ’Œ‹,urnatu,"(a garment)"
N,ğ’Š»ğ’Œ¨ğ’Œ…,ux+urtu,"drawing"
N,ğ’ğ’€Šğ’Œ…,zazabtu,"(a textile)"
N,ğ’¦ğ’Œ,zibatu,"tail"
N,ğ’£ğ’¹ğ’£ğ’¹ğ’ˆ¬,zimzimu,"(a red onion)"
N,ğ’¨ğ’„£,zik+u,"wineskin"
AJ,ğ’ªğ’€ªğ’€ªğ’ª,zuÊ¾Ê¾uzu,"divided"
AJ,ğ’‰ºğ’…ğ’†œğ’Œ‹,xabuxu,"collected"
N,ğ’Š•ğ’…”ğ’Œ…,xakintu,"(a female official)"
N,ğ’Š•ğ’†°ğ’‡»,xakulu,"(a wood used for furniture?)"
N,ğ’Š©ğ’‚…,xalt+u,"bow-case"
N,ğ’Œ“ğ’†¸ğ’‡»,xamaxkilu,"(a type of onion)"
N,ğ’‰ºğ’…ğ’‰»ğ’Œ‹,xapatu,"(a pottery vessel)"
N,ğ’‰ºğ’…ğ’,xapu,"bowl"
N,ğ’ˆœğ’ˆ¬,xatamu,"administrator"
N,ğ’‹“ğ’‹“ğ’‹¥ğ’Œ‹,xerxeratu,"chain"
NU,ğ’‹€ğ’‹—,xexu,"sixth"
N,ğ’Œ‹ğ’‚™ğ’Œ…,xibirtu,"piece"
N,ğ’‹†ğ’†³ğ’Œ‹,ximatu,"paralysis"
N,ğ’‹ğ’º,xik+du,"almond (tree)"
AJ,ğ’€œ,xiriat,"(a type of bread)"
N,ğ’‚µ,xizbu,"milk"
AJ,ğ’‚„ğ’‡»ğ’‹—,xuluxu,"trebled"
N,ğ’Š¿ğ’€­ğ’‰¡,xunanu,"(a piece of furniture)"
N,ğ’‰»ğ’ŒŒğ’Œ…,xuk+ultu,"weight"
AJ,ğ’‹©ğ’‹¤ğ’Œ‹,xurxudu,"firmly founded"
N,ğ’Œ‹ğ’…ğ’,xuxipu,"towel"
N,ğ’Œ‹ğ’…ğ’…¤,xuxipum,"towel"
N,ğ’‹—ğ’€ª,xuÊ¾u,"chick-pea?"
N,ğ’ˆ²ğ’Š’,x+eru,"snake"
N,ğ’¦ğ’ƒ®,x+ipirtu,"(an item of clothing)"
N,ğ’¦ğ’,x+ipu,"(meaning uncertain)"
N,ğ’€«ğ’Š’,x+uru,"obsidian"
N,ğ’‹°ğ’Œ…,t+abtu,"salt"
N,ğ’¾ğ’ˆ—ğ’Œ…,t+upxaratu,"female scribe"
N,ğ’„™ğ’Š’,t+uru,"binding"
N,ğ’€Šğ’‹¾,abati,"(meaning unknown)"
N,ğ’€Šğ’……ğ’Œ…,abiktu,"defeat"
N,ğ’€œ,ada,"(meaning unknown)"
AJ,ğ’…ˆğ’Š©ğ’Œ‹,araku,"very long"
N,ğ’€œğ’‹»ğ’Œ…,atartu,"(military) cart"
N,ğ’€€ğ’€€ğ’†ª,ayaku,"(a type of sanctuary)"
QP,ğ’€€ğ’€€ğ’Š­,ayixa,"whither?"
N,ğ’€¸ğ’‡»,axlu,"rope"
AJ,ğ’€¸ğ’Š’,axru,"submissive; taken care of"
AV,ğ’ğ’‹ºğ’€€ğ’€€,batataya,"individually"
AJ,ğ’Š‘ğ’„·,dalhu,"troubled"
N,ğ’€€ğ’‡’ğ’Œ…,exertu,"group of ten"
AJ,ğ’Š©ğ’‘ğ’²ğ’ª,gamuzu,"(meaning unknown)"
N,ğ’ºğ’,gubu,"cistern; box"
AJ,ğ’„¢ğ’ˆœğ’Œ‹,gulubu,"shorn"
N,ğ’„¬ğ’Œ’ğ’,halupu,"(a tree)"
N,ğ’„©ğ’‰ğ’Œğ’Œ‹,hanumexu,"(meaning unknown)"
N,ğ’„¯ğ’,harbu,"plough"
N,ğ’„Šğ’ğ’‰¡,irginu,"(a breed or colour of horse)"
AJ,ğ’†ğ’Š’,kabru,"thick"
AJ,ğ’ƒ¶ğ’‹—,kanxu,"submissive"
N,ğ’„’ğ’Š’,kibru,"bank"
N,ğ’†¤ğ’Š’,kitru,"help"
N,ğ’‹»ğ’…ğ’ˆ¬,kudimu,"(a herb)"
N,ğ’†ªğ’€ªğ’Œ…,kuÊ¾intu,"(meaning unknown)"
AV,ğ’‚·,mala,"once"
N,ğ’ˆ²ğ’ŠŒğ’ƒ¶ğ’‰¡,musukanu,"Magan-tree"
N,ğ’ˆ¹,muxku,"(a tree)"
N,ğ’…˜ğ’†ğ’Œ‹,nakapu,"circumference"
AJ,ğ’…˜ğ’Š’,nakru,"strange"
N,ğ’ˆœğ’†ğ’Œ…,narkabtu,"chariot"
N,ğ’†³ğ’ˆ¾ğ’‰¿,natanaya,"(meaning unknown)"
N,ğ’Š©ğ’Œ¨ğ’ƒ²ğ’‡»,nigalu,"sickle"
AJ,ğ’„·ğ’‰¡,pak+nu,"(meaning unknown)"
N,ğ’ƒ¼ğ’„·,k+arhu,"ice"
N,ğ’„¥ğ’,k+urbu,"relative"
N,ğ’Šğ’,rapu,"hoop"
AJ,ğ’Š©ğ’†•ğ’Œ‹,rak+ak+u,"very thin"
N,ğ’ˆ©ğ’,ridpu,"pursuit"
N,ğ’†³ğ’ƒ®,sadirtu,"battle line"
N,ğ’†¤ğ’‡·ğ’Œ‹,sahliu,"cress"
N,ğ’‰ºğ’…ğ’…ˆğ’Š’,saparu,"cart"
N,ğ’Š¬ğ’Š’,saru,"criminal"
N,ğ’Œğ’‰¡ğ’Œ…,sinutu,"brand?"
AJ,ğ’‹³ğ’‡»,taklu,"reliable"
N,ğ’Š‘ğ’‹ƒğ’Œ…,talaktu,"walkway"
N,ğ’Š‘ğ’‡»,talu,"dividing line"
N,ğ’‹»ğ’„£ğ’€­ğ’‰¡,targumanu,"interpreter"
N,ğ’³ğ’€ ,tebal,"(meaning unknown)"
N,ğ’Œ‡ğ’†ª,tuku,"oppression"
N,ğ’„½ğ’…ğ’ˆ¬,tunimu,"(a kind of leather)"
N,ğ’ŒŒğ’ˆ¬,ulmu,"axe"
AJ,ğ’€€ğ’‚”ğ’‡²ğ’Š’,umuru,"chosen"
N,ğ’Œğ’Š¬ğ’„·,umxarhu,"(a class of person)"
AJ,ğ’‚Ÿğ’‡»,zablu,"transported"
AJ,ğ’ ğ’,zak+pu,"erected"
N,ğ’ªğ’€«ğ’„´ğ’„·,zunzurahu,"(a military groom)?"
AJ,ğ’†¹ğ’ºğ’Œ‹,zuk+upu,"fixed"
AJ,ğ’Š•ğ’‡»,xaklu,"withheld; simple"
AJ,ğ’‰ºğ’…ğ’Š’,xapru,"sent"
AJ,ğ’Š¬ğ’,xarpu,"burnt"
N,ğ’‹€ğ’€€ğ’‚”ğ’‡²,xasumu,"(meaning unknown)"
N,ğ’Šºğ’€ª,xeÊ¾u,"barley"
N,ğ’‹ƒğ’Š’,xit+ru,"(piece of) writing"
V,ğ’ˆ½ğ’…ˆğ’Š’ğ’Š’,xuharuru,"be deathly still"
AJ,ğ’‰»ğ’ˆœ,xuklulu,"complete"
N,ğ’‡¡ğ’Œ,x+arbatu,"poplar"
N,ğ’‹›ğ’€€ğ’†—ğ’Œ‹,t+erubu,"(meaning unknown)"
N,ğ’€œğ’¹ğ’Œ¤ğ’Œ‹,adamumu,"wasp"
N,ğ’€­ğ’…˜ğ’Œ‹,anaku,"tin"
AJ,ğ’€Šğ’‡»,aplu,"paid off"
N,ğ’ğ’‰¡,benu,"epilepsy"
N,ğ’†—ğ’Œ…,danutu,"binding document"
N,ğ’‚—ğ’ª,enzu,"goat"
N,ğ’…•ğ’†—ğ’‡»,erkalu,"underworld"
AJ,ğ’…•ğ’‹—,erxu,"tilled; demanded"
AJ,ğ’„‘ğ’,ex+pu,"doubled; gathered together"
PRP,ğ’ƒ®ğ’²,gabdi,"adjoining to"
N,ğ’„«ğ’º,gerdu,"plucked wool"
N,ğ’„ƒğ’º,gildu,"(animal) hide"
N,ğ’„¥ğ’Š’ğ’Œ…,gurutu,"ewe"
N,ğ’„©ğ’¹ğ’Š’,hamru,"holy place (of Adad, Assur)"
N,ğ’„¯ğ’„·ğ’ƒ¶ğ’‰¡,harbakanu,"(a kind of horse)"
N,ğ’‰ºğ’‰¡,hatanu,"in-law"
N,ğ’„’ğ’Œ…,kibtu,"wheat"
N,ğ’¶ğ’Œ…,kimtu,"family"
N,ğ’† ğ’†¸ğ’‚,kik+ilutu,"rubbish dump"
N,ğ’†§ğ’†³ğ’„¿,kixati,"world"
N,ğ’†³ğ’…ğ’Œ…,kuribtu,"(a kind of field)"
XP,ğ’Œ‹ğ’Œ‹ğ’Œ‹ğ’Œ‹,maman,"somebody"
N,ğ’ˆ²ğ’ƒ°ğ’‹ºğ’‹›ğ’Œ…,musakiltu,"(mng. unknown)"
N,ğ’Š©ğ’Œ¨ğ’‹¢,niksu,"cutting (off)"
N,ğ’‰»ğ’Œ…,patu,"canal"
AJ,ğ’Œ“ğ’‹¢,pirsu,"weaned; cut off"
AJ,ğ’Œ‘ğ’„·,samhu,"mixed"
N,ğ’† ğ’†—ğ’…”ğ’‰¡,sasinu,"bow-maker"
N,ğ’‹ğ’ˆ©ğ’Œ‹,sekretu,"enclosed (woman)"
N,ğ’‹ğ’ƒ°ğ’Œ‹,sikatu,"peg"
N,ğ’†¹ğ’ŒŒ,sugulu,"herd"
N,ğ’‹°ğ’Š‘ğ’Œ‹,tabriu,"fodder crop"
N,ğ’Š‘ğ’‚ğ’Œ…,talpitu,"application"
N,ğ’‹»ğ’¹ğ’ˆ¬,taramu,"grain heap"
N,ğ’Œµğ’Œ…,tilatu,"vine"
AJ,ğ’Œ’ğ’‡§ğ’Œ‹,ubulu,"dried (out)"
AV,ğ’Œ¨ğ’†§,urkix,"later"
N,ğ’‘ğ’€ ğ’‡»,uxalu,"(fields) along valley-bottom"
N,ğ’Œ“ğ’‹ºğ’Œ‹,ut+atu,"grain"
AJ,ğ’‡¡ğ’,zarpu,"purchased"
N,ğ’¦ğ’‡»,ziblu,"waste matter"
N,ğ’†³ğ’º,xadu,"(a chest or container)"
N,ğ’‰ºğ’…ğ’…ˆğ’Œ…,xapartu,"pledge"
N,ğ’ˆ¨ğ’‹—,xibxu,"(an agricultural tax)"
N,ğ’Š¿ğ’Œ‹ğ’Œ‹ğ’Œ…,xinixtu,"woman"
N,ğ’Œœ,xeedu,"protective deity; bailiff"
N,ğ’‹šğ’†Ÿğ’Œ…,x+ehertu,"young girl"
N,ğ’®ğ’‰ºğ’Œ…,x+uhatu,"(mng. obscure)"
N,ğ’®ğ’„¯ğ’Œ…,x+uhurtu,"the young, youth(s)"
N,ğ’„ ğ’Œ¨ğ’Š’,amuru,"west wind; west"
AJ,ğ’€ğ’Š’,ak+ru,"rare"
N,ğ’€¸ğ’Š’,axru,"place"
AJ,ğ’€ğ’€ªğ’‡»,baÊ¾lu,"large"
NU,ğ’‡¹,erbe,"four"
AJ,ğ’…•ğ’,erpu,"clouded over"
AJ,ğ’„‘ğ’ª,ezu,"furious"
N,ğ’……ğ’†¸ğ’‡»,ikilu,"lamentation"
N,ğ’…ğ’‡ğ’Œ‹,imbaru,"fog"
PRP,ğ’€‰ğ’‹¾,iti,"with"
N,ğ’€‰ğ’Œ…,itu,"sign"
AJ,ğ’†ğ’Œ…,kabtu,"heavy"
AJ,ğ’‰ğ’º,kaxdu,"achieved; reached"
N,ğ’†—,lamasu,"(female) tutelary deity; young man"
AJ,ğ’†³ğ’„·,mathu,"lifted"
N,ğ’ˆªğ’†¤ğ’Œ…,mik+itu,"(down)fall"
N,ğ’ˆ©ğ’„·,mixhu,"flash"
N,ğ’ˆ²ğ’€ ğ’¼,muxalimu,"one who keeps safe"
N,ğ’…‚,nagbu,"underground water"
N,ğ’‰¡ğ’†³ğ’Œ…,nukurtu,"enmity"
N,ğ’ƒ¼ğ’‰¡,k+arnu,"horn"
N,ğ’‹†ğ’ˆ¬,rigmu,"voice"
V,ğ’Š¬ğ’Š’ğ’Š’,saruru,"pray to"
N,ğ’‹šğ’ƒ®,sihirtu,"circumference"
N,ğ’Œğ’‹—,umxu,"heat"
AJ,ğ’Œ¦ğ’‰¡ğ’Œ…,unutu,"faint"
N,ğ’Œ¨ğ’‰»ğ’Œ‹,urpatu,"cloud"
N,ğ’Œ¨ğ’,urpu,"cloud(s)"
N,ğ’¨ğ’Œ…,zik+tu,"sting"
AJ,ğ’‰ºğ’…ğ’†ª,xapku,"heaped up"
AJ,ğ’‹ƒğ’†°ğ’Œ‹,xitk+ulu,"balanced"
N,ğ’€«ğ’„·,x+urhu,"heat"
N,ğ’Œ“,x+iitu,"exit"
AJ,ğ’ˆ­ğ’º,t+ahdu,"luxuriant"
N,ğ’ƒ®ğ’º,t+uhdu,"plenty"
N,ğ’€Œğ’‰¡,agarinu,"mother; womb"
AJ,ğ’€ğ’„–,agu,"furious"
N,ğ’„ ğ’Œ¨ğ’·ğ’‰¡,amurdinu,"bramble"
AJ,ğ’€­ğ’„·,anhu,"tired"
N,ğ’€­ğ’†°ğ’‡»,ank+ulu,"feverish heat; (a fiery glow)"
N,ğ’…ˆğ’Œ‹ğ’Œ‹ğ’‰¡,armanu,"apricot (tree)"
IP,ğ’€œğ’‹¾,ati,"you (f.)"
AJ,ğ’„ğ’‡»,balu,"mixed"
N,ğ’‰Œğ’‡»,diglu,"vision; (animal-)skin"
AV,ğ’‡‰ğ’€œğ’‹¾,equrati,"(meaning unknown)"
N,ğ’ƒ°ğ’Œ…,gatu,"form"
N,ğ’„¤ğ’ğ’Œ‹,gax+ix+u,"hater"
N,ğ’„ƒğ’‹—,gilxu,"hip"
N,ğ’„‘ğ’®,gix+u,"thorn"
N,ğ’‡³ğ’‡ğ’Œ…,halpatu,"successor"
AJ,ğ’‹»ğ’‹¢,hasu,"clever"
N,ğ’†Ÿğ’®,herx+u,"fragment"
N,ğ’Œ“ğ’†³ğ’Œ‹,hisatu,"understanding"
AJ,ğ’„½ğ’“,huburu,"noisy"
AJ,ğ’„¯ğ’‹¥ğ’Œ‹,hurudu,"alert"
N,ğ’†•ğ’†§ğ’Œ‹,kakixu,"weasel"
N,ğ’¶ğ’®,kimx+u,"shin"
N,ğ’† ğ’†°ğ’Œ…,kizirtu,"lock of hair"
N,ğ’†³ğ’¦ğ’Œ…,kurx+iptu,"butterfly"
N,ğ’ˆ¦ğ’‹³ğ’Œ‹,maxtaku,"chamber"
N,ğ’µğ’„–,muqu,"cramp"
AJ,ğ’€®ğ’€ ğ’‹»,nabalkutu,"having crossed over"
V,ğ’…˜ğ’€ ğ’ˆœ,nak+alulu,"issue as a fiery glow"
N,ğ’ˆœğ’€ªğ’¹ğ’Œ…,narÊ¾amtu,"javelin"
N,ğ’‰ªğ’ˆ©ğ’Œ‹,nirit+u,"fear"
N,ğ’†¸ğ’Œ…,k+iltu,"lye"
N,ğ’‹»ğ’Š’,k+utru,"smoke"
N,ğ’Š©ğ’¶ğ’Œ…,ragimtu,"prophetess; (an oracle priestess)"
AJ,ğ’Š“ğ’€ªğ’€ª,saÊ¾Ê¾u,"(meaning unknown)"
N,ğ’ˆ¨ğ’,sipu,"(door-)jamb"
AJ,ğ’‹³ğ’‰¡,tak+nu,"in order"
N,ğ’†ªğ’Œ…,tukultu,"trust"
N,ğ’Œ‡ğ’‰¡,tuk+nu,"good order"
N,ğ’Œ¦ğ’‰¡,unu,"(meaning unknown)"
AJ,ğ’ˆ¦ğ’,waxbu,"inhabited"
AJ,ğ’†³ğ’º,xadu,"taut"
N,ğ’ˆ—ğ’Œ…,xaratu,"queen"
N,ğ’ˆ¨ğ’‚…,xipt+u,"judgement"
AJ,ğ’‹¤ğ’ˆœğ’Œ‹,xudlupu,"sleepless"
AJ,ğ’‹©ğ’ğ’,xurbubu,"languid"
N,ğ’‡¡ğ’‡¡ğ’Œ‹,x+arx+aru,"(a water vessel)"
N,ğ’¦ğ’ ,x+iputu,"cover"
AJ,ğ’„´ğ’ª,ahzu,"taken"
AJ,ğ’€ ğ’†ª,alku,"gone"
N,ğ’€Šğ’†—ğ’‡»,apkalu,"wise man"
AJ,ğ’€Šğ’Š’,apru,"with head covered"
N,ğ’…ˆğ’ƒµğ’€­ğ’‰¡,argamanu,"purple wool"
AV,ğ’…ˆğ’Œ“ğ’„ ,arhixam,"monthly"
N,ğ’Šğ’Œğ’€‰ğ’Œ…,asumitu,"inscribed slab"
N,ğ’„ğ’Œ…,baltu,"(a spiny plant)"
AJ,ğ’ğ’‡»,bat+lu,"ceased"
V,ğ’ğ’€­ğ’† ğ’…,bududu,"waste"
N,ğ’“ğ’€ ğ’‡»,buralu,"(a stone object)"
AV,ğ’†—ğ’Œ‹ğ’Œ‹,danix,"very"
AJ,ğ’¯ğ’Š’,daru,"intercalary"
N,ğ’€¸ğ’,dilpu,"effort"
N,ğ’²ğ’€ª,diÊ¾u,"(a disease affecting the head)"
AJ,ğ’Œˆğ’ˆ®ğ’Œ‹,dumuk+u,"very good"
PRP,ğ’Œ‹ğ’…—,eli,"on"
N,ğ’…ğ’…–ğ’Œ…,epixtu,"deed"
N,ğ’‡¹,erbe,"four"
NU,ğ’€€ğ’‡’,exer,"ten"
N,ğ’† ğ’…ğ’Œ‹,exebu,"(a kind of owl)"
N,ğ’ƒ®ğ’€ª,gabÊ¾u,"(mountain) peak"
AJ,ğ’ƒ®ğ’‹—,gapxu,"arisen"
N,ğ’„–ğ’‹»ğ’‹—,guhaxu,"wire"
N,ğ’„¢ğ’„¢ğ’‡»,gulgulu,"skull"
V,ğ’„¢ğ’ˆœğ’Œ‹,gulubu,"shear"
AJ,ğ’†¸ğ’‹—,habxu,"chopped"
AJ,ğ’„¬ğ’……ğ’Œ…,halik+tu,"lost"
N,ğ’ˆ›ğ’„·,huluhu,"(light(-coloured) slag)"
N,ğ’ˆğ’‚…,humt+u,"heat"
N,ğ’„¯ğ’º,hurdu,"posthumous child"
N,ğ’……ğ’Š’,igru,"hire"
N,ğ’……ğ’„’ğ’Œ‹,ikibu,"taboo"
N,ğ’……ğ’†ª,iku,"mood"
N,ğ’……ğ’†—ğ’Œ‹,ikribu,"prayer"
N,ğ’„‘ğ’„£,isk+u,"lot"
N,ğ’„‘ğ’†°ğ’Œ…,izirtu,"curse"
AJ,ğ’…–ğ’‰º,ixaru,"straight"
N,ğ’†ğ’€œğ’Œ…,kabatu,"liver"
AJ,ğ’‹¼ğ’€€ğ’,karbu,"blessed"
N,ğ’‹¼ğ’€€ğ’‰»ğ’Œ‹,karpatu,"(clay) pot"
AJ,ğ’‹¼ğ’€€ğ’‹¢,karsu,"(meaning uncertain)"
AJ,ğ’ƒ°ğ’ˆ¬,katmu,"covered"
N,ğ’ˆªğ’‰­ğ’†§ğ’Œ‹,kikixu,"reed fence"
AJ,ğ’†°ğ’ˆ,kulumu,"shown"
N,ğ’ºğ’Š’,kupru,"bitumen; thickness"
PRP,ğ’†·,la,"from"
AJ,ğ’†—ğ’‹—,labxu,"clothed"
N,ğ’Œ“ğ’€­ğ’‰¡,lahanu,"(a flask)"
AJ,ğ’†—ğ’‰¡,lapnu,"poor; strengthened"
N,ğ’…†ğ’Œ‰ğ’Œ‰ğ’‰¡,liginu,"(a type of) tablet"
N,ğ’€—ğ’‹¢,lilisu,"kettledrum"
N,ğ’…†ğ’…†ğ’º,lilidu,"offspring"
N,ğ’ˆœğ’Œ…,liptu,"attack (of illness); (meaning uncertain)"
AJ,ğ’ˆ¤ğ’„¯,mahuru,"adverse"
N,ğ’Œ‹ğ’Œ‹ğ’„–,maqu,"(a skin disease)"
N,ğ’ˆ¥ğ’‹»ğ’Œ‹,marhax+u,"rinse"
N,ğ’Œ…,martu,"gall bladder"
AJ,ğ’ˆ¥ğ’‚…,mart+u,"scratched"
AV,ğ’†³ğ’…ğ’‚—,matimeni,"ever"
N,ğ’ˆ¦ğ’‹»ğ’Œ‹,maxt+aru,"inscription"
N,ğ’ˆ¦ğ’€ ğ’‡»,max+alu,"sleeping place"
N,ğ’ˆ¦ğ’‡¡ğ’Œ‹,max+aru,"guard"
N,ğ’ˆ¤ğ’„‘ğ’Œ…,mihix+tu,"strike"
N,ğ’ğ’„¥ğ’Œ…,mitgurtu,"agreement"
AJ,ğ’ğ’„¯,mithuru,"coherent"
N,ğ’ˆ¬ğ’„ğ’€–ğ’Œ‹,mubalit+u,"one who revives"
N,ğ’Œ¤ğ’€ªğ’€ªğ’Š’,mumaÊ¾Ê¾eru,"commander"
N,ğ’„·ğ’„­ğ’Œ‹,mutu,"husband"
AJ,ğ’ˆ²ğ’‚„ğ’Œ‹,muxulu,"made to resemble"
V,ğ’ˆ²ğ’‹—ğ’€ª,muxuÊ¾u,"rub"
N,ğ’ˆ›ğ’ˆ›ğ’€œğ’Œ‹,nahnahatu,"(nasal) septum?"
AJ,ğ’…˜ğ’‡»,naklu,"skilful"
N,ğ’€®ğ’‹€ğ’Œ…,napxaxtu,"ointment"
N,ğ’…˜ğ’‚,nak+biitu,"utterance"
N,ğ’Š‹ğ’ª,nibzu,"(a kind of) document"
N,ğ’Œ‹ğ’Œ‹ğ’Š’,nixru,"(meaning unknown)"
AJ,ğ’‰¡ğ’€ªğ’€ªğ’º,nuÊ¾Ê¾idu,"praised"
N,ğ’„ğ’„–,palgu,"ditch"
N,ğ’Œ“ğ’……ğ’Œ…,pariktu,"blockage"
AJ,ğ’Œ“ğ’†ª,parku,"blocked; lying across"
V,ğ’Œ“ğ’ˆ¬,parxumu,"outlive"
N,ğ’Œ“ğ’®,parx+u,"office"
N,ğ’Œ“ğ’€ª,perÊ¾u,"bud"
N,ğ’‰ˆğ’€ğ’„£,pilak+u,"spindle"
AV,ğ’‹ğ’‹ºğ’‹¾,pik+tati,"perhaps"
N,ğ’Œ“ğ’€ªğ’Œ…,piriÊ¾tu,"shoot"
N,ğ’‹—ğ’…–ğ’Œ…,k+adixtu,"(a type of priestess)"
N,ğ’ƒ²ğ’‡ºğ’‹¢,k+alisu,"slave girl"
AJ,ğ’„’ğ’Š’,k+ebru,"buried"
AV,ğ’†¥ğ’Œ‹ğ’Œ‹,k+inix,"backwards"
PRP,ğ’†¥ğ’Œ‹ğ’Œ‹,k+inix,"backwards"
N,ğ’†°ğ’ˆœ,k+ululu,"despised"
NU,ğ’Šğ’,rabu,"fourth"
AJ,ğ’ˆ›ğ’®,rahx+u,"confident"
AJ,ğ’‰˜ğ’†ª,ramku,"bathed"
N,ğ’ˆ©ğ’º,ridu,"(good) conduct"
V,ğ’‹†ğ’ˆ¬,rigmu,"voice"
N,ğ’†—ğ’‹¢,ripsu,"vapour"
N,ğ’Š¬ğ’‹†ğ’Œ…,sarik+tu,"(meaning uncertain)"
N,ğ’‹šğ’„·,sihu,"(meaning unknown)"
N,ğ’‹ğ’Š’,sikru,"scab"
AJ,ğ’†¹ğ’†¬ğ’Œ‹,sukuku,"deaf"
N,ğ’Œ€ğ’„£,sunk+u,"famine"
AV,ğ’‹©ğ’Š‘,suri,"perhaps"
AJ,ğ’‹°ğ’†ª,tabku,"poured out"
N,ğ’‹³ğ’…†ğ’Œ…,taklimtu,"revelation"
N,ğ’‹³ğ’Œ“ğ’Œ…,takpertu,"purification (ceremony)"
N,ğ’Š‘ğ’ˆœğ’Œ…,talultu,"trappings"
N,ğ’‹°ğ’„«ğ’Œ…,tapk+ertu,"claim"
N,ğ’Œ¨ğ’ˆ›ğ’Œ…,taxrihtu,"glorification"
N,ğ’Œğ’†ª,terku,"blow"
N,ğ’Œğ’®,terx+u,"stretching out"
N,ğ’´ğ’Š’,timru,"buried (figurine)"
AJ,ğ’Œ‡ğ’†°,tukulu,"encouraged"
N,ğ’¾ğ’‹ğ’†ª,tupxiku,"brick-carrying frame"
V,ğ’Œ…ğ’€ªğ’€ªğ’ˆ¬,tuÊ¾Ê¾umu,"double"
AJ,ğ’Œ“ğ’„™ğ’Œ‹,uduru,"darkened"
V,ğ’…†ğ’‰ğ’Œ‹,uhuru,"do later"
AJ,ğ’„´ğ’ˆğ’Œ‹,uhuzu,"plated with"
N,ğ’‰€ğ’ƒ²ğ’‡»,uhulgalu,"unfavourable day"
N,ğ’ŒŒğ’®,ulx+u,"pleasure"
N,ğ’Œğ’º,umdu,"(a skin complaint)"
PRP,ğ’„‘ğ’†µ,uma,"saying"
N,ğ’Œµğ’ƒ²ğ’‡»,urigalu,"standard"
N,ğ’ƒ²ğ’”ğ’‡»,uxumgalu,"great dragon"
AJ,ğ’‘ğ’‡‡,uxuru,"exempt"
V,ğ’‘ğ’‹¥,uxuxu,"renew"
V,ğ’‰¿ğ’‚Ÿ,wax+aabu,"add"
N,ğ’¨ğ’Š’,zikru,"utterance"
N,ğ’Š¿ğ’†³ğ’Œ‹,zinatu,"(a lament)"
N,ğ’†³ğ’‹ºğ’„½ğ’Œ‹,xadatunu,"(meaning unknown)"
N,ğ’‹šğ’† ğ’†—ğ’‹¸,xahsasutu,"recollection"
N,ğ’‰“ğ’¾ğ’,xandupu,"ring"
N,ğ’Š¬ğ’†ª,xarku,"pus"
N,ğ’‹€ğ’ ,xax+butu,"supplies"
N,ğ’‹“ğ’……ğ’Œ…,xeriktu,"present"
N,ğ’‹“ğ’†ª,xerku,"temple oblate"
N,ğ’Œ‹ğ’‚™ğ’Š’,xibiru,"shepherd's staff"
NU,ğ’ˆ«,xina,"two"
N,ğ’ˆ¨ğ’†ª,xipku,"heaping up"
N,ğ’ˆ¨ğ’Œ…,xiptu,"incantation"
N,ğ’‹šğ’Š’,xuburu,"rump; bend"
N,ğ’‚„ğ’,xulpu,"stalk"
V,ğ’‹³ğ’µ,xumunu,"be(come) oiled"
N,ğ’Š’ğ’‡»,xuplu,"depth"
AJ,ğ’Š’ğ’‰»ğ’Œ‹,xupxuk+u,"very laborious"
AJ,ğ’‹¤ğ’Š¿ğ’Œ‹,xutruku,"be(come) shaken up"
N,ğ’‹¤ğ’Œ…,xutu,"dream"
AJ,ğ’‡¡ğ’„·,x+arhu,"hot"
N,ğ’‰£ğ’,x+ilbu,"(a cultic item)"
N,ğ’®ğ’º,x+imdu,"binding"
N,ğ’®ğ’„¯,x+umuru,"desire"
N,ğ’€ğ’Š’,agru,"hireling"
N,ğ’€­ğ’‚Ÿğ’Œ…,anx+abtu,"ring"
N,ğ’‰ˆğ’†³ğ’Œ‹,bilatu,"mixture"
N,ğ’´ğ’Œ…,dimtu,"tear"
N,ğ’„‘ğ’Š‘ğ’‡»,gixtalu,"cross-bar"
N,ğ’„©ğ’‰¿,hamuxtu,"a fifth"
NU,ğ’„©ğ’¹ğ’‹—,hamxu,"fifth"
AJ,ğ’‹»ğ’‡»,haxlu,"crushed"
N,ğ’…‹ğ’®,ilx+u,"joy"
PRP,ğ’„‘ğ’‹¢,isu,"from"
N,ğ’„‘ğ’Œ‹,isu,"jaw"
N,ğ’†ğ’‡»,kablu,"(furniture) foot"
N,ğ’ƒ°ğ’…ˆğ’Š’,kataru,"(a type of fungus)"
N,ğ’‹ƒğ’Œ‹,lagu,"(a type of wood)"
N,ğ’Œ“ğ’ˆ¬,lihmu,"(meaning uncertain)"
N,ğ’‡·ğ’€ªğ’‹—,liÊ¾xu,"desecration"
AJ,ğ’ˆğ’„·ğ’„­ğ’Œ‹,lumudu,"taught"
N,ğ’ˆ¥ğ’‹ºğ’Œ‹,mardatu,"rug"
N,ğ’…‚ğ’‡»,midlu,"process of salting"
N,ğ’„·ğ’„­ğ’…ˆğ’‹†ğ’Œ…,mudariktu,"woman thresher"
N,ğ’„·ğ’Œ·,pagalu,"libation vessel"
N,ğ’Œ“ğ’ˆ©ğ’Œ‹,paritu,"(an official)"
N,ğ’Œ“ğ’…–ğ’Œ…,pirixtu,"secret"
AJ,ğ’ƒ²ğ’‡²ğ’Œ‹,k+alalu,"very small"
N,ğ’†²ğ’€®ğ’Œ‹,k+unabu,"hemp"
AJ,ğ’Š©ğ’„£,salk+u,"boiled"
AJ,ğ’Š•ğ’„£,sank+u,"narrow(?)"
N,ğ’†¹ğ’Œ…,suk+tu,"chin"
AJ,ğ’‹°ğ’‡»,tablu,"taken away"
N,ğ’Š‘ğ’‹ƒğ’†ª,talaku,"cart"
N,ğ’‹»ğ’‚,tarbiitu,"enlargement"
N,ğ’Œ’ğ’,upu,"socket"
N,ğ’ğ’€ğ’†ª,zazaku,"(a registry official)"
AJ,ğ’Š©ğ’‚…,xalt+u,"authoritative"
N,ğ’‹“ğ’‰¡,xernu,"(a wooden chariot part)"
N,ğ’‚„ğ’ˆğ’Œ…,xulumtu,"completion"
N,ğ’®ğ’€‰ğ’Œ…,x+imitu,"(an architectural feature)"
N,ğ’…ˆğ’ˆ¬,armu,"mountain goat"
N,ğ’€œğ’ˆğ’Œ‹,athusu,"carrying-pole?"
N,ğ’ğ’Œˆğ’Œ…,but+umtu,"terebinth"
AJ,ğ’……ğ’Š’,egru,"transverse"
AJ,ğ’„¤ğ’ª,gazu,"shorn"
N,ğ’†ğ’€­ğ’†ª,kabiluku,"(a dish or fruit)"
N,ğ’† ğ’†˜ğ’Œ‹,karaxu,"leek"
N,ğ’†§ğ’‰“ğ’Œ‹,kixanu,"(a leguminous vegetable)"
AJ,ğ’ˆœğ’†œğ’Œ‹,lubuxu,"clothed"
N,ğ’†³ğ’‰¡,matnu,"sinew"
N,ğ’ˆ©ğ’ŠŒğ’†ª,mesuku,"falcon"
N,ğ’ƒ»ğ’Œ‹,nindanu,"rod"
AJ,ğ’„¥ğ’ˆ›ğ’Œ‹,k+uruhu,"frozen"
N,ğ’Š©ğ’‹¡ğ’Œ…,rak+Ã»tu,"spice(s)"
AJ,ğ’‹§ğ’Œ‹ğ’…—ğ’Œ‹,sumuhu,"mixed"
N,ğ’‹»ğ’ˆ—ğ’‡»,tarlugalu,"hen"
N,ğ’€«ğ’ª,zurzu,"sack"
N,ğ’‹€ğ’€ ğ’‡»,xaxalu,"tendon of the hoof or heel"
N,ğ’‡¡ğ’Š’,x+aru,"(a kind of reed basket)"
AJ,ğ’ğ’€­ğ’† ğ’…,bududu,"wasted"
N,ğ’‡Œğ’‡§ğ’‡»,bunbulu,"cone?"
N,ğ’Œ¨ğ’‹—,daxu,"buck"
N,ğ’……ğ’€–ğ’Œ‹,ekletu,"darkness"
AV,ğ’‰Œğ’Œ“ğ’‚—,ena,"now"
AJ,ğ’„¬ğ’ˆœğ’Œ‹,halupu,"armoured"
AV,ğ’„©ğ’¹ğ’¹,hamt+ix,"quickly"
N,ğ’„­ğ’€­ğ’º,hidu,"(a bead)"
N,ğ’…•ğ’‚…,irt+u,"(meaning unknown)"
N,ğ’†¤ğ’…”ğ’‰¡,kidinu,"protection"
N,ğ’†¥ğ’…–ğ’Œ…,kinixtu,"priesthood"
N,ğ’†—ğ’†—ğ’Œ…,laplaptu,"thirst?"
N,ğ’Œ¨ğ’Œ…,lik+tu,"gathered material"
N,ğ’‘ğ’Š’,magaru,"wheel"
N,ğ’ˆ¬ğ’‚Ÿğ’‰¿ğ’Œ‹,mux+apiu,"dyer"
N,ğ’‘ğ’…•ğ’Œ‹,nitiru,"nitre"
N,ğ’ˆœğ’‹»ğ’Œ‹,pahizu,"presumptuous person?"
N,ğ’„·ğ’†ª,paku,"(a metal object)"
AJ,ğ’‰»ğ’„·,pathu,"holed"
N,ğ’†¥ğ’†³ğ’Œ‹,k+inatu,"buttocks"
N,ğ’‹€ğ’‹ğ’Œ…,sisiktu,"hem"
N,ğ’Œ¨ğ’…†ğ’Œ…,taxlimtu,"completed handover"
J,ğ’ŒŒ,ula,"not"
N,ğ’Š»ğ’ŒŒğ’Œ…,ux+ultu,"knife"
AJ,ğ’Œ‘ğ’‹»ğ’Œ‹,xamhax+u,"provoked to fight"
N,ğ’Š’ğ’„´ğ’Š’,xupuhru,"(a variety or part of the cedar)"
N,ğ’ğ’€­,x+ad,"(meaning unknown)"
N,ğ’‰Œğ’…ğ’Œ…,x+alimtu,"black"
N,ğ’‰Œğ’€‰ğ’Œ…,x+alitu,"dark-blue wool"
N,ğ’‰Œğ’ˆ,x+alumu,"black wood"
AJ,ğ’‹°ğ’„·,t+abhu,"slaughtered"
AV,ğ’„´ğ’¹ğ’ˆ ,ahama,"apart"
N,ğ’‚ƒğ’‰¡,duhnu,"millet"
N,ğ’„¯ğ’ğ’,harbubu,"(meaning unknown)"
N,ğ’„­ğ’¹ğ’Œ…,himtu,"leather skin"
N,ğ’€‰ğ’„¯,ithuru,"(a kind of standard)"
N,ğ’ƒ°ğ’„ ğ’ˆ¬,kadamu,"dungeon"
N,ğ’„’ğ’‡»,kiplu,"twisting"
N,ğ’ˆ¨ğ’€­ğ’Šºğ’‰€ğ’ğ’‰¡,kurkuzanu,"piglet"
AJ,ğ’‹»ğ’…,kutumu,"covered over"
XP,ğ’ƒğ’…ğ’‚—,menimeni,"somebody"
V,ğ’€®ğ’„­ğ’„Šğ’Œ‹,napruxu,"fly"
N,ğ’€®ğ’‚…,napt+u,"naphtha"
N,ğ’†§ğ’Œ…,k+ixtu,"forest"
N,ğ’„¥ğ’„«ğ’‹¢,k+urpisu,"helmet"
AJ,ğ’„¥ğ’Š’ğ’Š’,k+ururu,"sprinkled"
AJ,ğ’Š©ğ’ºğ’Œ‹,rakubu,"mounted"
AJ,ğ’Šğ’€ªğ’,raÊ¾bu,"raging"
AJ,ğ’‹¥ğ’,rat+bu,"damp"
PRP,ğ’„½,tahta,"under"
AJ,ğ’‹šğ’‚…,xaht+u,"formed"
N,ğ’Š©ğ’†³ğ’Œ‹,xalatu,"booty"
AJ,ğ’‚„ğ’ˆ,xulumu,"accomplished"
N,ğ’Š¿ğ’‚‡,xunagu,"(meaning unknown)"
N,ğ’‹©ğ’º,xurdu,"(part of a waggon wheel)"
N,ğ’€ğ’†°ğ’‡»,akulu,"hatchet"
N,ğ’‚—ğ’Œ…,entu,"priestess"
N,ğ’†°ğ’€ª,kuluÊ¾u,"(male cultic prostitute)"
N,ğ’½,laasimu,"runner"
N,ğ’„¯ğ’€ğ’†¥ğ’Œ‹,murak+iu,"maker of perfumes"
N,ğ’„·ğ’„­ğ’‹ºğ’Œ‹,mutatu,"half"
N,ğ’„£ğ’ ,k+umbutu,"(a building)"
N,ğ’†—ğ’€‰ğ’Œ…,ripitu,"straying"
N,ğ’Š•ğ’ŒŒ,sagulu,"herd"
