aashwi,seal
ahwl+,some
ahwsalc,to learn
ahwsnic,to hear
ahwsan,to be an expert
ahwsm,to holler at somebody
ahwsnic,to hear something or somebody
ask+upuuts,cod
akwa,to buy
ak!wi,salmon
ak!wna,canoe
alatk,to miss
alatsihwlks?,why?
alat!si,to tell
al+,at
al+alatsihwiks?,why?
al+aysts,now
al+culculuul+,cracker
al+i,to be somewhere
al+!iks,to drag
al+!its,to rub
al+ik+wis,place
al+l+xapaliikwi,horse
al+ku,place
al+kusuk+!,circumcised
al+kwayxuul+,bannock
al+k!whwmitsut,to be observant
al+kwit!l tr or al+kwit!la itr,to stir a liquid
al+kwltsut,to warm oneself
al+lik!,to fill
al+lt!lliik+w,place
al+lulul+,place
al+ps,to eat
al+k+,elderberry
al+k+at!iik+w,oar
al+k+!laxl+l+,place
al+k+ul+,book
al+k+!walmuul+,potato
al+k+wit!l,to stir
al+tcuhwt!luk!us,to lie face up
al+tiixw,net
al+t!lpaaxulmc,place
al+tsmk+!maalki,hair
al+tsxwm,to abuse
al+tunica,yesterday
al+txuuxnkus,to lie face down
al+ukwala,doctor
al+xapa,to carry
al+xapaliikw,horse
al+xws,to be lubricated
al+l'apk+,to be brave
al+l'il+maals,barrel
al+ tis inahw,this morning
al+ ti t!susm,this evening
aliits,tongue
almk,to pole up river
alulu,awww
aluux,to be last
al+akli,to be right
al+k!il+tu,to wait for somebody
al+k!mnaal+ts,my shoes are too tight
al+kwilm,wild
al+kwlaaxuts,pitchwood torch
al+mul+,beads
al+paax,(having been) named
al+p!alc t!awt,he's awake
al+k+!walayclc,mature
al+tmpaaxalitsm,to have something between ones teeth
al+t!sktiil+,To Be Closely Related
al+tsm k+!mul+iixw,To Have Curly Hair
al+ulik,to stay with; keep somebody company
al+l'al+tsim,to talk
al+l'ikw,to bbq
al+l'ul,to be unable to contain oneself any longer
al+l'ulik,to keep somebody company
amatalaal+,base of totem pole
amatalaaxt,parent
amatlikt,coffin
amatuts,plate
amal'itsk,maybe
aml+,salmon
aml+am,summer time
aml+ami,spring time
aml+tam,season
amul+,to get ones serving of food
aml'amatuuts,dish pan
aml'amatuutsi,plate
anal+a,to answer
anana,ouch
anayk,to want
anaats,really
anis,to deny
ank!pts,mouse
ank!ptsi,mouse
antsn,orange
antsns,orange
antsnsl+p,tree
anukalikuuts,tide
anukaliuul+la,Half Moon
anukit!sm,whirlpool
anukit!smiixw,water
anukum,to admire
anuk!wna,to aim
anul+cum,place
anul+t!s,roe
anulikutsayc,the one who waits at the door
anuk+um,to limit
anuscnas,widower
anuskwtmts,widow
anust!hwmaaxm,to have something for a cushion
anustsayanm,to listen
anutakanm,tide
anuxuumxumi,creek
aphw,to lift
apls,apple
aps,to defecate
apsul+,village
ak+!miixal+p,cottonwood tree
ak+s,halibut hook
ak+!w,tangle something
ak+!wm,herring are spawning
asaalxi,head
asaak+layc,chin
asalaaxal+t,hollow of knee
asalxi,neck
asanani,place
asak+!ws,water
asaak+,bottom of container
ashw,seal
ashwaal+,tracks
asik,finger
asikaax,underbrush
asil+,genitals
asixw,smoke vent
aslit!s,side
asmila,place
asmus,three
asnalusaax,part between the legs
asnalusak+!ws,nose
asnalusthwil+,part between the legs
ask+ayal+,pole
ask+aykus,house
asaak,hand
asalaaxtlayc,under the tongue
asaax,mouth of river
asiik+w,head
astipalaktm,to hold something under ones arm
astsayul+m,to report
ast!sal+,waterfall
ast!slniikl+,place
astsltsli,blueberry
astsm,fresh fish
asuk!,wind
asuul+ikal+,neck
asuuts,house
at!aaksta,paint brush
at!maakw,kingfisher
atma,to die
atsaya,fox
at!sal+ani,place
at!sta,paddle
atsiwa,stomach
atsi,boat
aw,yes
awanaaxkw,raft
awk!awal+,to be blind
axtstmahw,to lie side by side
ayk!al+,to take a long time to walk
ayk!ml+,antique
ayk!ul+,to take a long time
ayk!uts,to take a long time to eat
al'inixw,hunter
aaxl+,upstream
aaxn,to perceive a omen
aaxk+a,to urinate
aaxk+ayalus,to want to urinate
cm,to break
cmaaxak,to break somebody's wrist
cmcmi,knife
cmnalus,to break in pieces
cnaasl+,animal
cnas,woman
cncnaasi,girl
cp,to wring
cuk!m,to have a bath
cuk!m,to bathe
cul,to drill
culculm,to ignite with a bow drill
cum,ice
hwilm,to itch
hwin,to realize
hwik+!,cow parsnip
hwl,to grab
hwla,to fight
hwlaaxuts,to pull beard/mustache
hwliixw,to pull hair
hwlwla,to wrestle
hwm,to warm
hwmtsut,to warm oneself
hwp,to free
hwpakm,to let go
hwpal+,to end life
hwpank,to lean
hwp!,to unhook
hwplxs,to end
hwplxs layc,to be at the end
hwptsut,to free oneself
hwt!,to collapse
hwts,to undo
hwtsalusm,to fall apart
hwtslcakm,to wreck
hwlaaxuts,to pull somebody's beard
hal'u,caterpillar
icmusa,to feel
icp!icl+p,crab apple trees
icuk!wplc,to stalk; sneak up on somebody
icl'akwkwa,to be shopping
icl'iixl+p,cedars
icl'iixwtal+p,alders
iikl+ii,to be near
iina,to feed
iipts,to dream
iixl+p,cedar
iixsa,medicine
iixw,to burn
ik!ayl+p,birch
ik!l+,to be near
ik!nuwas,fog
ik!wlst,rock slide
ikwl+amk,throw aside
il+t!aml+,flea
il+tsay,to pick
ilk,lily
il+m,standing up
im,to have sex
imlaakwl+,animal
imlk,man
imlmlki,boy
imlmlkii,boy
imts,nephew
inahw,morning
inip!uuststa,fork
ink!iptl+p,elderberry tree
inu,you
inl'ik+!wi,brave
ipatsut,to store food
iptsaak,lichen
ipu,to hide
ik+!im,to braid
ik+!uts,file something
iscsiil+,to do for a whole month
isaata,earring
isut,to paddle
ist!xnul+,to eat salmon head stew
istsk!nimut,to be lonely
ist!skw,to wet
itkuut,to wear a coat
it!lyukmtmahw,to argue
itk+u,to haul
its,to rub
itsa,tooth
it!samni,blanket
ituuxt,to fish
it!st,to squirt
itskw,out of the way
ix,to crush
ixixi,goose
ixk+!m,to walk
ixk+lm,to swim
ixw,to be far
il'yuum,to howl
kaakp!ayi,salmon
kaakts’ani,tail
kakaatsii,to be cute
kalastakw,A mythical woman's name
kal+cmanwastsut,to seek guidance
kal+nmnmk!,to hunt animals
kal+k+ax,to hunt rabbit
kaliks?,where?
kalyaakas,a mythical man's name
kamal+,if
kamal+,If
kanusyam,to taste good
kap!ay,Humpback Salmon
kap!ay,salmon
kap!aytam,season
kasmiul+,golden eagles egg
kasmiw,eagle
kasmiwi,eagle
kask+ax,to hunt rabbit
kastsayul+,to ask
kat!san,tail
kat!st,Brynildson bay
kawaal+ta,footstool
kawnkta,fat around the kidneys
kaycii,to be very
kaynucs,tomorrow
k!ahw,zero
k!ak!puutsi,fish
k!al+m,top
k!am,equal
k!amk!,bull kelp
k!amwas,young beaver
k!anawil+,bow
k!ankuus,dead fall
k!apatuts,to be sharp
k!aputs,fish
k!ak+aasi,crow
k!ak+as,crow
k!ak+asul+,crows egg
k!awn,salmon
k!c,to see
k!ihw,to gnaw at something
k!ik!naahwi,crab
kiikya,grandmother
k!il+cnalslc,widower
k!il+kwtmts,widow
k!il+nus,eight
k!il+l'amatalaaxt,orphan
k!il+,lacking
k!inahw,crab
k!ip,to erode
k!ipt,elderberry
k!ismaw,nine
k!ist!skuuts,to mispronounce
k!ita,finger
kikya,grandmother
kikyu,to chew (transitive)
kikyum,to chew something.
k!lat,trout
k!lay,birch bark
kilm,to curl up
k!m,to bite
k!mani,smelt
k!mck!witxw,place
k!mt,day(s)
kinkin,water parsip (root.)
kinkinl+p,water parsip (whole plant.)
k!nm,to shiver
k!nts,whale
kip!aaksta,Clamp
kip!lxsal+m,to grab somebody with one's toes (transitive)
kip!ta,cloths pin.
kip! or kip!a,(tr.) to grabs. (itr.) pinch.
kismis,christmas
kit!s,to twist
k!tsaatsay,fern
k!ucani,clam
k!uk!ulti,porpoise
k!ult,porpoise
k!ultaal+,shoe
k!us,air
k!utsci,maggot
k!uuk!canii,clam
k!uuk!wtscii,maggot
k!yuk,to identify
klahw,muskrat
kl+,to fall
kliips,grape
klkl,herring
klklaahwii,muskrat
klklaahwi,Small Muskrat
klklta,net
kltiil+,cascade inlet
kl+c,to be awake
kmalayc,to hurt
knic,to eat
kntaw,loved-one
knum,salmon
ksa,to pull
ksnmak,to work
kstcutsm,to prepare food
kstimtimut,to be diligent
kstu,to do
ksuul+m,to take ones trousers off
kt!li,to be short
kukwpi,grandfather
kul+aalxi,head
kul+alaal+,foot of mountain
kul+als,wall
kul+ank,side
kul+ik,roof
kul+nak+!tm,to be sexually impotent
kul+taakw,to have a long penis
kul+taala,to be rich
kul+tshwi,to have an average sized penis
kul+ul+ik,back
kul+ulmc,floor
kul+uuts,shore
kul+ya,to be clean
kul+aak,back door
kul+aaxuts,to be near a fire; roadside
kul+pat!sal+ta,Scotch Thistle
kumaluul+,rope
kupi,coffee
kup!m,to put fish on a barbecuing stick
kusi,potato
kusk!wal+la,very friendly
kustl+,very stong
kustpuusps,having many freckles on the face
kusu,pig
kusl'm,to have a erection
kut!sul+kw,yew tree
kuukwpi,grandfather
kuut,coat
kwaasla,place
kwa!yalaak+si,jay
kwa!yalak+s,jay
kwakwas,owl
kwanat,to cry
kwanataul+ayc,place
kwanatul+ayc,crying rock
kwataasyani,trout
kwatasyan,trout
kwayx,powdery
kwal'yalaak+si,small bluejay
kwal'yalak+s,bluejay
kwal'yalak+sak+!ws,bluejays eyes
kwhw,to match
kwhwmtsut,to warm oneself
kwhwmtu,to warm something up
k!wal+na,place
k!watsayaakm,to wave
kwikwtik,having a rough surface
k!wla,belly
k!wl+,to mix
kwil+kwl+a,to rummage threw something
kwil+ul+,to crush cooked food; to clear an area of rocks
kwil+ tr or kwil+a itr,to crush
k!wna,to point
k!wputs,net
k!wpwal+t,wing
k!wk+wla,place
k!ws,to be engaged
kwit!aaxlayc,to be stuck in a crowd
kwit!ulmc,to break up
kwit! tr or  kwit!a itr,to crowd
kwl,to be hot
kwlaltwa,warm weather or season
kwlamk tr or kwlamka int,to distribute
kwlc,to become warm
kwlctu,to warm something up
kwl+,to divide
kwm,thick tree
kwml+,fire wood
kwmuuts,whistle
kwnaaxsta,box
kws,to be rough
kwt!l,to put something down
kwtmts,husband
  kwtsus,goat
kw’ni,seal
kwhwm,place near fire to warm something
k!walc,scorched
k!wal+,good
k!wliwas,brother in law
kwnaaxutsayc,to walk on a sand bar
laakts,squirrel
laaktsi,squirrel
lalak+!a,to fry
lamatu,sheep
lapayaak,glove
lats,sea cucumber
law,to be loose
layx,place
lchl,to have arranged a date with a woman
liclic,meat
licm,to slip
lik!,(tr.) to fill something
lik!w,to roll
lilwi,railway
lim,to fall
lip!,to fold something
lip!nalusta,joint
lip!stsut,to turn around the bend
lip!tsut,to return
lis,to push
lithwta,spindle
litux,striped
lk!laati,trout
lk!laatl+,trout
lplii,to be thin
l+laaxla,to clean berries
l+nl+nusaaxuts,double barrelled gun
l+nusaaxal+,two days travel
l+ul+t!suul+m,to get undressed
mnstkul+a,to be counting money
mtaaxuts,to sit at a riverbank or around a fire
muhwmukwaaxakta,bracelet
nmnmk!,animal
nmnmaax,both legs
nuhwpukhaak+,diaper is coming off
nu!iixl+p,place
nu!iputsani,place
nu!umuutsi,place
nuwaycl+,to be fresh
nuwaysaax,place
nukawaaxta,seat or chair
nuk!apatlxs,to be sharp
nuk!lat,place
nuk!s,to extinguish
nukit!s,place
nukl+ik,cliff
nukl+m,to cross
nukl+maaxuts,to cross a road
nukmaykiixw,to have a headache
nuksaaxal+m,to steo backwards
nuksaaxutsm,to inhale smoke
nukum,to like
nukupiita,pot
nukusita,potato bed
nukusyals,cellar
nukwi,otter
nuk!wpt,to be full
nukwlkwli,lukewarm
nukwluts,air
nukwmkwmik,tree
nuk!wpstaaxla,to collect liquid
nukwlcnulii,a little bit warmer
nul+nuslt,twins
nul+k+utsal+,sleet
nul+t!ihw,to hang up something
nul+tnikta,pole
nulik!uul+,to flip
nulmaax,retrace ones step
nulxmtnm,to sound
nul+il+k+,To be frail
numamis,place
numawaluul+i,to be alone on the boat
numawaakmitsuti,to be alone at work
numawta,friend
numilik,to confuse somebody
numl+ak,to pay somebody for completing a job
numt!s,place
numutsta,door
numuts,to close the door
numuukw,place
numyaaxuts,to be wide
nunk!ik,to cut something in half
nunul+uk!,to be lazy
nunuk+!ways,place
nunuk+!wnak+!ws,to accuse
nunusk+!waaxuts,place
nunusk+!waaxuts,jump across
nunul'aws,to be stingy with food
nup,clothing
nupaats,steep shore
nupal+txwik,to advise
nupapnt,to boil
nup!aats,to be deep
nup!atsaax,deep hole
nup!iixmaax,exhaust fumes
nupit!s,Muddy
nupit!stsut,to turn away in disgust
nupk+!t,to fart
nupusmutsta,floater line
nuk+aaxmats,place
nuk+aaxp,slough
nuk+atk+,to cup something with ones hand
nuk+!ayaaxal+,to block somebody's way
nuk+!ayaaxal+,to block somebodys way
nuk+!il+aaxta,spider
nuk+!plxs,to be blunt
nuk+nk,pit
nuk+nklstank,place
nuk+!waat,to burp
nuk+!walayk,to be empty
nuk+wil+taaxw,place
nus,seven
nuscliktik,to be angry
nusclit!s,to be ugly
nuscntsaax,to be cowardly
nushwaax,pot or canoe is leaking
nusilawat,place
nusk!lals,colder
nuskiitsta,washtub.
nuskuum,to smile
nuskwanatmc,given to weeping
nusk!wl+,place
nuslaxm,place
nusmawalul+aak,hand
nusmt!lmp,place
nuspanyasta,smoke house
nusp!aap!kayc,to have been hit on ones hand
nusp!ul+anal+ayc,to have been hit on the ankle
nuspkwnuutsta,porch
nuspul+uul+ikal+,larynx
nusk+!amta,to be stingy
nusk+!lst,place
nusk+!upsta,stove pipe
nusk+!wkis,to jump over
nust!hwmaak+utsta,napkin
nust!lhw,to behave
nust!lhwi,to be well-behaved
nust!likw,cover
nustk+!,to patch something
nustk+wak+!ws,water
nust!sk+iik+al+,marrow
nusuk!tsut,storm
nusuk+!wptam,to smoke
nusxik+!,place
nusxl,to be smart
nusxwataax,unwilling
nusxwaapsta,safety pin
nusl'al+kl+m,seven
nusl'ayk!sta,grave yard
nutakan,tide
nutalaata,purse
nutayaaxm,lightening strikes
nutayul+ak+ws!sayc,to have been hit in the eye
nutayul+ayc,to have been hit in the belly
nutciictskwani,place
nutcunikwik,front room
nut!apalstuts,place
nut!axwm,to bathe
nutictsnal+,uvula
nutictsnalsiixw,uvula
nut!kwaax,to bleed from the rectum
nut!k+walm,to step over an obstacle
nut!tsul+anal+m,to knock on ones ankle
nutk!am,to fall over
nut!lik,to think
nut!ll,place
nut!ll+,to be shallow
nut!lk+layul+,to bail
nut!lk+layul+ta,bailer
nutm,place
nutplk+!,to turn inside out
nutputslxta,dried salmon stretcher
nutsakwaax,wolf
nutsciictskwani,place
nutshw,to be dark
nutshwani,place
nutskwlc,to sink
nutsk+a,to pierce
nutsk+aak+,sewing needle
nutuk!maaxapsm,to have a sprained neck
nutsik!lam,to turn around
nut!smlc,muddy waters
nutsik+!waak+,to break a dish or pot
nutsl+aaxul+ankaycts,the button has come off my shirt
nutsnm,to remember something
nutspul+pl+ak+!wsm,wipe ones glasses
nutsunuts,to ask for somebodys permission
nuut!ll+i,to be shallow
nux,fish caught in the net
nuxwlst,place
nuxwski,soapberry
nuxwtnusta,salmon stretcher
nuxwanitsut,whirlpool
nuxwnuxwskil+p,soapberry bush
nuxwnuxwskyaak,soapberry leaves or branches
nuxwskyul+,soapberry wine
nuyaml+,to sing
nuyants,place
nuyayanl+,to be generous
nuyulaax,to cause
nul'akwnalsim,general store
nul'amataak+,saucer
nul'ashwl+,seal fat
nul'at!lsiixw,bay
nul'aws,to be stingy with food
nul'aaxk+nalsalayc,to accidently wet oneself
nul'ilul+aak+ta,diaper
nul'ulaaxayc,to have reached a dead end
nul'umtaax,to holler
nul'upts,bad smell
nxt,to blow ones nose
paaxl+,stern
paaxu,to be afraid
pahwiks?,when?
paktul+k,mesh board used for making nets
pakwani,place
pakw,caught up with
pananas,banana
panya,to smoke food/ fish
papiisi,flounder
papink,snake
papinki,snake
papnl+,to bark
pak+iaala,box
patsal+,to be first
pat!s,prick something or somebody
pay,lacking flavor or feeling
pays,fish
paal+ats,potlatch
paapk+a,to make a guess in a lahal game
paak+il'yala,a type of sorting box
paax,to name somebody
paaxl+aax,to stand at the stern
pc,to be good
pcak+!ws,to have a nice colour
p!alc,to awake
p!alcalus,to recover
p!alcxit,to wake up
p!c,crab apple
picpaaxu,to be someone who is afraid
p!iixla,to drift away
piisla,place
p!iix,to apply steam to something
pik!,bright
pik!n,bacon
pik!uul+,oil coat
p!l+al+a,to blink
pilik!t,eel
p!l+t,warm
pipk+!aak,broad leaved plantain
pipk+!uul+,insect
pisman,to fish
pispis,to train
pit!l,to be dirty
pit!s,light
p!ul+kwm,to bubble up
p!ul+m,to go and meet new comers
p!uuyaax,tree
p!uyaax,tree falls down
p!wi,halibut
p!xwl+t,bunchberry
pk!m,mosquito
pk!mk!mi,mosquito
plcalaaxt,both ones parents have dried
pl+t,to be thick
plik,to tip
plst,scale
plxani,inner surface of abalone shell
pl+tkn,bark of bitterberry tree
pnaaxta,dancers apron
pnaaxta,dancers apron
psayct,pitch of fir tree
pus,to grow
put!l,to appear
put!stn,bow
putsla,place
putsut,to swell
puuti,boat
puuxin,place
puul'yaas,tea
puxalus,to stoke
puux,mouldy
k+aak+xi,rabbit
k+aax,salmonberry
k+aaxatscili,swallow
k+aaxla,to drink
k+al+k+a,raspberry
k+amats,dead fern fronds
k+anxt!u,place
k+ap!uul+txw,Wrap It
k+apsmuul+m,put ones arms around oneself
k+ak+tal+p,ninebark
k+at!,pull towards self
k+atsk+il+,ant
k+atsx,starfish
k+ax,rabbit
k+axaanl+ ti it!samni,blanket
k+ay,stick used in a gambling game
k+ayt,hat
k+aaxapwala,joist
k+aaxt / k+at!a,to press something against oneself
k+!aat,hook
k+!akwts,blue lupine
k+!al,twist
k+!amiix,place
k+!anas,chilton
k+!anuukw,place
k+!ak+!atsuul+,wild strawberry
k+!aticts,to steam cook food
k+!atm,chisel
k+!aw,to bury
k+!awl+,to wrap
k+!ay,to be poor
k+!il+,to scratch
k+!il+tsut,to scratch yourself
k+!im,filled up
k+!inakwlil+,droning cry
k+iik+pii,baby
k+!is,stink currant
k+iku,dragonfly
k+!lax,fence
k+!l+kwta,clothes
k+ilic,to belittle
k+!lk+!lshwi,string
k+!lshw,rope
k+!luk,salmon
k+!l+kw,to fix something up
k+inx,shoe
k+!pst,to taste
k+!puts,having a dull edge
k+ik+tii,to be small
k+ism,to avoid eye contact
k+it!s,out of reach
k+!umk!ut!s,place
k+!umnik+!w,skull
k+!umsciwaal+,cat
k+!uk+wayaytxw,place
k+!usalk+,place
k+!ux,to invite somebody
k+!uxlc,to be tired
k+!uxlcliwats,feel pretty stiff
k+iixa,glad
k+la,water
k+lam,thoughtful
k+lhwila,to mix food with grease
k+l+m,cod
k+l+ml+mi,cod
k+lum,to blister
k+luk+!s,eye
k+l+,to touch somebody where it hurts
k+mk+mi,to be soft
k+nk,to be low
k+nklst,island
k+papluul+i,thin string
k+paapk+ikti,narrow strip
k+pi,to be thin
k+p!a,egg
k+t!l,to trip
k+tsamkayc,to fall over board
k+ts,to pass a condition on to somebody
k+t!sus,rack used for drying food
k+ul+,to write
k+ululuuxu,strawberry
k+ulun,beaver
k+una,finger
k+up!,to hit
k+up!ta,drum
k+uk+uulikn,porpoise
k+uk+wt!siiki,wolverine
k+ut!s,to wash
k+ut!sik,wolverine
k+uul+alus,thrush
k+uuluun,beaver
k+uuluuni,beaver
k+uuxuux,swan
k+uuxwa,salmon
k+ux,to cover something
k+waatimut,to act up
k+waaxwn,baby
k+walas,lizard
k+wals,fir needle
k+wanil+,spoon
k+wak+wak+ws,duck
k+wak+wawsi,duck
k+wak+wlaasi,lizard
k+waxw,raven
k+waxwk+waxwlit,to caw like a raven
k+!waak+winayi,shark
k+!walm,sibling
k+!walxs,parsnip
k+!wan,hair
k+!wapx,place
k+!wak+wina,shark
k+!wasta,wool
k+!waykila,cod
k+!wlas,to be strange
k+wilats,to bruise
k+!wlaxw,thimbleberry leaf
k+!wl+,to laugh
k+!wlitk+,seagull
k+!wlsi,gills
k+!wsm,to flood
k+wit,blue
k+!wxwmtimut,automobile
k+!wxwmul+i,to travel slow
k+wli,green
k+wli ti smt,mountain
k+wsm,to sweat
k+wsmalakt,to have perspiring armpits
k+wt,to be crooked
k+wtul+,cradle
k+xyu,Uncommon
k+waxul+,ravens egg
k+waaxk+wikl+p,mountain ash
k+!wala,empty
k+!walmuul+,to roast potatoes under sand
k+!way,ashes
k+!wi,split
k+!wna,pubic hair
k+!wp,Bare
k+!wpm,Dusty
k+wlxw,to hire somebody
saaxk+al+,urine
saaxwan,tide flats
sahwa,net
sal+ya,place
salmt,place
sasa,milk
sat!lal+p,hemlock
sat!la,canoe
sat!lsuuts,tide
sat!salan,echo
satskw,place
satsk+wla,raft
sc,to be bad
scal'inixw,unlucky hunter
sclikt,to be angry
scnulits,i am bad
scul+ixwalst,shoulder
shwahwilk,place
shwm,to burn
shwmxwm,electricity
shwpanil+,deer
shwputs,shelf
s!anu!im,centipede
s!ayk!s,grave
s!ayk!sa!na,caterpillar
s!aym,to be always
s!ayt,year
sic,blood
s!iipnaluusi,place
sil+t!mtimut,place
silin,kidney
sim,to twist cedar limbs
sinaaxwmixw,headdress
sinal+,place
sinukl+m,canoe crossing
sisikyumaaxalits,tooth
sisksuum,aunt
sisi,uncle
sit!xt,place
sit!smaal+,mocassin
s!unkwtsta,body
siwalusim,place
smsmiiksi,mussel
smsml+ki,fish
skalkw,porcupine
sk!c,black
sk!iixwm,to comb
sk!inwas,cloud
sk!l,to be cold
sk!laaxutsm,to add cold water to ones tea or coffee
sk!ma,comb
skip!,carrot
skis,gall
sk!st,charcoal
sk!stlit!s,skin
sk!yaax,place
sktsul+k,heart
skukwpikl+p,rose bush
skul+aaxak,wrist
skul+aaxams,jaw
skul+alakt,glands in armpit
skul+ank,side
skul+ankus,side of face
skul+ankutsal+,side of lower leg
skul+apsm,neck
skul+ikak,upper surface of hand
skul+ikal+,shin
skul+ikus,head
skul+lxsak,finger
skul+nalus,joint
skul+nalusak+!ws,nose
skul+naluslxsak,web like stucture between the fingers
skul+utsak,lower arm
skul+uul+an,temple
skul+uutslayc,nipple
skulukt,pole
skul+uul+an,temple
skupik,rose
skwanat,mourning song
skwatsta,name
sk!wyan,knee
skwtsals,cheek
sk!wpaaksl+,right arm
skwl ats,something warm
slak+!k,salmon
slaws,grass
sl+ip!nakt,branch
sliixwul+,salmon
slk!laaxt,crystal
slucta,cross piece
sll'lapa,place
sl+xaakl+ts,left arm
smatmc,friend
smaw,one
smawaak+alits,one tooth
smawaaxal+,one days travel
smawaaxuts,single barrelled gun
smiks,mussel
smkmayi,moose
sml+k!,fish
smk+la,to be thirsty
smsma,to tell a story
smt,mountain
smt!smaasi,octopus
snaax,slave
snanik,pitch
sninya,earthquake
snknic,food
snm,log jam
snk+!ws,to be angry
snuwat!s,place
snuwat!sams,tooth
snuk+aax,place
snuk+ak+aytik+w,mushroom
snuk+lxlayk,blueberry
snuk+plplxs,elephant
snuk+!wlitk+,place
snutatiik+w,thimbleberry
snut!li,place
snut!simnaax,rectum
snuyantsak+!ws,snail
snx,sun
snxaal+,sunbeam
snxana,cricket
snxt,snot
spakwank,ray
sp!,to strike
sp!aaxakayc,to have been hit on the wrist
sp!aaxapsmayc,to have been hit in the neck
spiipk!wi,marmot
spik!,spark
spik!w,marmot
spik!wanl+,blanket
sp!ul+iixwta,club
sp!ul+alsayc,to have been hit on thr cheek
sp!ul+ankayc,to have been hit in the belly
sps,wind
spul+als,lump on a tree
spus,leaf
sputc,ooligan
sputctam,season
spuuptci,ooligan
spuuxaltswa,blueberry
spux,down feather
sk+al+,flesh
sk+aluts,fruit
sk+ank+ptsl+,butterfly
sk+apts,salmon
sk+!,to wound
sk+!atciixwak,finger nail
sk+!atciixwal+,toe nail
sk+!l+kw,baggage
sk+!sk,saskatoon berry
sk+!tal+p,maple tree
sk+itil+p,root
sk+!up,smoke
sk+ma,chest
sk+t!s,soil
sk+ul+,bee
sk+ul+aaxal+,bone
sk+umal+,place
sk+upak+!ws,hair
sk+upl+,hair
sk+upl+alakt,hair under the arm
sk+upl+an,hair
sk+upl+ank,hair
sk+upl+ikal+,hair
sk+upl+ikaluus,hair
sk+upl+lit!sak,hair
sk+upl+ul+iik,hair
sk+upl+utsak,hair
sk+upust!ikaaxuts,hair
sk+uputs,hair
sk+ut!s,sack
sk+uul+,wasp
sk+uul+k+wl+i,bee
sk+waaxwk+wa,bullhead
sk+!w,to jump
sk+!wal+kw,ashes
sk+!walm,fern
sk+!wiixwta,key
sk+!wpm,dust
sk+wl+,bone
sk+wl+an,bone
sk+wsn,loon
snxaal+,northern lights
staltmc,chief
stamks?,what?
stan,mother
stantapil+am,bat
stantimut,mother
stcusil+,enemy
st!ala,hemlock bark
st!awl+t,whetstone
st!axw,to be difficult
st!al'mul+ank,to lie flat on ones belly
st!inayal+,place
stikt!laat!lk+i,to have one leg shorter then the other
stilwa,fat
st!n,louse
st!s,salt
st!uhwsi,wave
st!umt!ss,crab apple
st!win,hide
st!lact!laaxti,caribou
st!lanul+,gooseberry
st!lak+wtlit!s,fir bark
st!laxt,caribou
st!limnalaaxal+t,achilles tendon
st!lmstayt!s,cranberry
st!lxalxlxsm,woodpecker
st!lxusmal+,hail
stlk!wa,jellyfish
stn,tree
stnaal+,spoon
stnaax,timber
stpuul+als,to have a freckle on ones cheek
stsal+,place
stsicalt,bridge
st!six,sand beach
st!sixak!ws,gravel/sandy soil
st!sixuts,sandbar in the ocean
st!skiil+,place
st!smas,octopus
st!smlc,to scatter
st!spiil+,bird
st!sk+aaxk+a,wren
st!suuxin,brain
st!sx,sand
stsk+,animal fat
stsk+iklxs,place
stsucm,salmon
stulkw,dolphin
stup,stove
stupl+,foam
stuk+!,snag
stuk+!ak+!ws,to get a snag in the river
stutulkwi,dolphin
stuu,store
stwic,place
stwin,grave pole
sucya,hand
suk!ta,sail
suk!tnul+,tent
sukwa,sugar
suk!wlt,blackberry
suk!wptus,cougar
suk!wptuusi,cougar
sul+,house
sulut,ocean
sum,pants
sumxul+,place
sun!k+uts,i'm yawning
sun!k+utslayc,somebody is yawning
sunp!uul+nm,to play basketball
sunk+!uts,to yawn
sunsupt,to whistle
supt,whistle
supusl+p,tree
suk+!uuxin,tadpole
susk+wii,sibling
susuunhwt,moonlight
sutk,winter
sut!smus,barnacle
sut!swakt,old mans beard lichen
suunhw,day
suunk+!uts,to yawn
suuxi,sibling
swak!c,place
swlwlaax,wave
sx,to scrape
sxakm,child
sxalaktm,to shave ones armpits
sxalc,avalanche
sxaaxil+m,to shave ones pubic hair
sxaaxutsm,to shave ones beard
sxhwmtnmak,kindling
sxim,daybreak
sximnk!,tail
sximuts,flower blossom
sxitsta,bed
sxiximuuts,flowers
sxp,to knot
sxp!ipk,spine
sxs,fat
sxt!lik,backbone
sxulmcta,herring rake
sxumak+!ws,tears
sxwatil+,bladder
sxwatmlxs,blister
sxwaxwa,mud
sxwayxwm,to wash your scalp
sxwlxwli,mole
sxwnata,nickname
syup!alhw,point of land
syut,place
sl'anul'il+mik,mast
sl'ayul+,thunder
sl'ayl'ayul+m,thunder storm
sl'ick!whw,rat
sl'icul+,child
sl'ill'ilayc,rainbow
sl'ulus,stakes used in gambling
taala,dollar
taatkwsi,grouse
takan,to come back
takws,grouse
takwta,doctor
talaws,to marry
talyuu,place
tam,to make
taml+p!uul+,to make bread
tamsaplin,to make bread
tamt!sla,to make a basket
tanaps,turnip
tanksta,ear
tapus,to spread
tak+!aax,dense bush
tas,to poke
tasayc,to bump
taya,to throw
tayaak+alitsayc,to have been hit on the teeth
tayul+iixwayc,to have been hit on the head
tc,to cut
tcalsk+al+,wind
tcalus,to slice
tcat!lsaax,house
tcat!lsikus,back room
tcat!saaxl+,wind
tcitskwaaxuts,to throw across the river
tcta,adze
tcuhwnikwl+,wind
tcukawk,to go down to the river
tculat!lsuuts,tide
t!aaxwm,to lick
t!akw,pad
t!amas,cockle
t!apalst,cave
t!at!kanal+p,lily
t!at!maasi,cockle
tictsa,tongue
t!culmcm,to sweep
t!culmcta,broom
tii,tea
t!icl+ala,robin
t!ict!icl+alayi,robin
tiil+,bait
tiil+ta,bait
tiixwakk+!ws,to nail
tiixwalaaxtn,to fasten a rope to a stake
tiixwta,sledge hammer
t!ksnimta,arrow
t!kw,to bleed
tilcalaaxt,anchor is catching hold of something
til+,bait
t!li,salmon
t!lianm,season
t!miixw,stump
t!niixul+,pack strap
t!nxw,head
tipl,table
tipyaak+,to stand on one leg
tik+!a,to sew
t!sul+,salty food
t!uka,mink
t!umnal+,to get jammed in your legs
t!uupiwas,deer
t!uut!kwni,mink
t!xt,stone
t!xul+ul+,six dollars
t!xwsus,clover
tcncni,owl
tkaya,to shoot
tkw,to be dirty
tl+,to be strong
tl+ul+,to be fast
t!la,bear
t!laak+witkw,cod
t!laat!layi,bear
t!laat!lk+!ani,snail
t!lact!lak+!wl+p,fir tree
t!lakwani,elbow
t!lal+ma,clothesline
t!lap,to go
t!lapal+,to accompany
t!lak+!an,snail
t!lawk+!w,tobacco
t!laxw,to be hard
t!liit!lxini,sea lion
t!likm,to run
t!lima,muscle
t!lixin,sea lion
t!lknii,place
t!ll+,to be dry
t!llusta,curtain
t!lmsta,person
t!lmstaliwa,to be a well off person
t!lp,to snip
t!lpa,spear
t!lpaapay,spear
t!lpipkal+,place
t!ltuu,drat
t!luk!,to be high
t!luk!,moon
t!lupana,cormorant
t!lupanii,cormorant
t!lxus,place
t!lxwtsaytxw,place
t!lxwtsn,onion
t!lyal+,to run fast
tlk+!w,to swallow
tmhw,river
tmsc,to be weak
tmscalaaxtlayc,to speak with a weak voice
tmscul+,boat
tmscul+,slow vehicle
tmwal+its,child
tmx,river
tp,spotted
tpiixw,lid
tpiksta,frame
tpyaaxuts,other side of the river or channel
tk+an,to be deaf
tk+!,to go ashore
tk+!l+a,knife
tk+nkams,jaw
tk+nkanl+aaxuts,lip
tk+nkusal+,to walk under something
tk+nkusam,to go under something
tk+nk+nk,underwear
tk+!w,to hold
tsaakw,to be long
tsaakwliwa,worm
tsaatsaws,church
tsaatsii,to be few
tsaatstii,kid
tsaaxa,to chase
tsactsakwal+,to be tall
tsa!yamuus,paintbrush
tsak!w,to be straight
tsal+,lake
tsalthw,cedar bark
tsan,harpoon
tsap,bone
tsak+waal+,butcher knife
tsatstawl+p,tree
tsawat,place
tsayak,to stop working
tsayuts,to stop talking
tscm,to disappear
tshwi,enough
t!saamas,place
t!saak+aluusl+,salmon
t!sal+,rock weed
t!sawikal+,shoe
t!sawl+mim,place
tsictsik,train
t!shwmhwm,mattress
t!sihw,five
t!siit!skwni,clam
t!sikm,to be dirty
t!sikwa,clam
t!sik!wit!s,sea urchin
t!sima,gut
t!sik+wi,place
tsiitspsci,fisher
tsiixa,to dig
tsiixwt,wedge
tsik!,to stab
tsik!alus,to stoke
tsik!alusta,poker
tsik!utsta,boat
t!sklakt,ten
t!skt,to arrive
t!sla,basket
t!slkt,eagle
t!sm,finger
tsimani,clam
tsimilt,gully
tsipsc,fisher
tsik+!w,to be broken
t!ss,to be loud
tsitstsiipi,bird
tsitstsip,bird
tsitstsipi,bird
tsitstumnalsl+,moth
tsituma,to sleep
t!su,grey
t!sulapla,quiver
t!sumuus,to kiss
t!susm,dusk
t!swankus,place
tsix,to be new
tsixak,to clear
t!sxanic,to believe
t!sxl+,to be true
t!sxl+m,to fall in the water
t!sxl+n,to kick
t!sxw,white
t!syaaxw,flicker
tsk!al+kw,devils club
tsk!l+p,rib
tskutsta,sinker line
tskw,to be heavy
tsk!wm,to pull out
tsl+al+laal+,to break a line
tsl+ayc,to win a race
tsl+it!sa,to pluck
tsl+m,to gather seaweed
tsl!lik,coyote
tsna,nettle
tsnkw,self
tsplitsm,to wipe with a towel
tsk+!,to rip
tststawl+p,cedar tree
tsumuul+,place
tsupa,to twist cedar boughs
tsut,to say
tsutsa,mouth
tsutstawl+pak,cedar bough
tsuutsila,place
tsxusmtmahw,to have a contest
tucuul+,to unwind
tuk!,to stretch
tuk!maaxak,to have a sprained wrist
tultaya,trout
tutup,trout
tutustik+!,squirrel
tuums,breast
tuupa,belly button
txaaxl+,wind
txak+!wl+,place
txits,to adze
txta,cutting instument
txt!luk!ams,jaw
txuk+!,to go down river
txuulxl+,to go up to the river
tyaaxam,to put canoe right side up
tyaaxik,flat roof
tsatskwaaxil+,to have long pubic hair
tsik!aaxalitsm,to use a toothpick
tsipyul+aak+ws,to have one eye
tsitumlcak,my hand went to sleep and dropped the book
tsitumlcus,your getting sleepy
tsitsk!ul+ank,to stab someone in the belly
t!swaaxuts,to have a grey beard
tsk!wmaak+alits,to pull somebody's tooth
tspakm,to wipe something with ones hand
tsyaaxm,to take a step
uk!uk,skunk cabbage
uk!uk!nk,skunk cabbage root
uk!uuni,neck
uk!wk!umaax,Sound Caused By Someone Walking On A Swampy Ground
uk!wp,to lower oneself; crouch
ula,to thither; over there
ulamktx,to bring it out; show it
ulat!ls,towards the interior
ul+k+n,bucket
ulic,to choose
ul-,to come close to
ulx,to steal
ul+,going towards
um,to disembark
umatalaal+,threshold
umt!lum,place
up!wii,halibut
uk+!uuni,throat
uk+!wayul+ank,appendix
usnaaxwl+,place
usp!us,lung
usk+a,to exit
usk+!imtnm,place
usk+layayc,to be thirsty
usthw,to enter
ust!ikaaxuts,lip
ustk+nkaak+,petticoat
ustsipaak+ta,skirt
usyayayk,to have a clean surface
ut!ak,to vomit
ut!pi,duck
ut!luk!,to be up or above
ut!saax,buttock
ut!sikal+,shin
ut!sikus,bank
uulxliwa,to be mischievious
uut!pii,duck
uuxnk,to be down
waats,watch
waatsaak+akta,watch
wahwas,place
wakayak,to overdo
waks?,who?
wal,to leave
walasya,lynx
wanmc,to be late for a meal
wanukw,place
wapat,to be sideways
wapataaxta,frame
wat!s,dog
wawat!sii,dog
wawiisi,salmon
waxtsya,cape
waxwaxtsya,grandchildren
way,okay
wayc,to be recent
waycl+,to be new
waystam,season
wiik+,to pry
wik!inxw,place
wilc,to obstruct
wil+wil+,mica
winwint!s,sandpiper
wit!lax,antler
wlal+,rain
wlaa,to pour or spill a liquid
wlaax,to pour a drink
wlaaxuts,to spill a drink
wlwlaal+i,rain
wlwlkatsut,to limp
wlxl+a,to be lame
xaatcsya,to sneeze
xaaxlay,fern
xa!isla,place
xala,fern
xam,to insult
xamlayc,to regain sight
xamlcak+!ws,to sleep in
xamnimut,to be insulted
xamu,to dip
xapa,to carry
xapayal+ta,pack strap
xapnamktsut,to mount a horse
xak+!ants,crane
xaw!li,mussel
xawis,metal
xawisaal+,spoon
xawisaltwa,sky
xawxawaalis,place
xaxaak+!i,goose
xaxak+!,goose
xayak+!a,barnacle
xayul+,wind
xiixii,marten
xiku,dragonfly
xim,dawn
ximuts,to bloom
xit!l,to be skinny
xit!sl+,metal
xitsta,bed
xixi,marten
xixt!suul+,coins
xl+al+,to be hungry
xlxl,messenger
xmlc,tree
xmxmaatsl+,minnow
xs,to be fat
xsaasay,stonecrop
xsasa,roe
xsaax,sweet drink
xsaaxutsm,xsaaxutsm
xt!sa,stick/pussy willow
xt!sat!say,tree
xt!susm,to bend and pick up
xul,to push
xup,to insert
xuk+!ta,file
xuta,net
xuts,to soak something
xutsal+m,to wade
xuuxluul+i,midget
xuxutsi,goat
xwalt,to snore
xwaxwi,eggs
xway,to melt
xwiixn,box
xwik+!m,to creak
xwism,to play
xwnxwnm,hummingbird
xwnxwnmul+,egg
xwsanim,game
xwtn,to hold open
xwtnutsta,pole
xwxwnxwnmii,hummingbird
xwl+is,to cross a barrier
anukit!sm,Whirlpool
ya,to be good
yahw,to make aware
yahwm!mayl+,sea lion
yacyaaki,goat
ya!is,place
yaki,goat
yakiiixw,head
yakyaal+,spoon
yakyanl+,blanket
yalacl+ay,place
yalc,to get better
yal+kayc,to be excessive
yal+k uts ayc,to overeat
yalak,to be sleepy
yalk+,to be round
yalk+iil+m,game
yalk+uul+,ball
yalxal+m,to go around
yalxus,to loop a rope
yalxutsayc,to go around the world
yaml+,music
yanahuu,turnip
yanic,to like (something)
yanihwi,turnip
yank,to pole(a boat)
yants,driftwood
yanyanklaycm,to pole awkwardly
yak+asiil+,hoop
yatn,rattle
yaxat,to ridicule
yaxw,to allow
yayaasii,to be attractive
yayaatwamktsuti,to be content with oneself
yayaatwii,to be happy
yayak+!ws,to be bright(light)
yayax,whistle
yayaxi,toy
yayaxm,to make fun of
yayal'inixw,good hunter
yayaxuts,to chatter
yayntsi,driftwood
yayuuts,to say correctly
yulmta,drill
yulyulml+,place
yum,to be shy
yumalhw,to be sour
yumalhwl+p,sourgrass
yup,to move aside
yup!alhw,to land at a point
yutlc,to be familiar
yuyuhw,bracelet
yuyupaaxani,place
kal+,Down
kal+, Kas
kal+maaxts,To Collect Clay
kal+nmnmk!,To Hunt Animals
kal+k+ax or kask+ax,To Hunt Rabbit
kal+st!hwmta,Cedar Bark Mattress
kanani,Bracket Fungus
lahal,A Game
lalam,To Pole A Canoe Up The River
lalak+!a,To Fry
slt!liisl+,Horsefly
snut!xtiitk,Stone
t!uma,Stuck
tsutsa,Lips
tsxm,To Drip On Something
